ID,Age,Economic Status,Profession,Average Pokemon Level,Criminal Record,Win Ratio,Is Pokemon Champion,Battle Strategy,Number of Migrations,Rare Item Holder,Charity Participation,Team Rocket,Debt
0,27,Middle,Fisherman,50,0,51,0,Unpredictable,25,0,1,0,0
1,55,Middle,PokéMart Seller,35,1,53,0,Unpredictable,19,0,1,1,1
2,14,High,Police Officer,96,0,76,0,Aggressive,18,0,1,0,0
3,41,Middle,Gym Leader Assistant,23,0,27,0,Defensive,10,0,1,0,0
4,15,Middle,Gym Leader Assistant,16,1,51,0,Aggressive,17,1,0,1,1
5,41,High,Daycare Worker,87,0,53,0,Aggressive,18,1,0,1,1
6,21,Low,PokéMart Seller,58,0,52,0,Unpredictable,8,0,1,0,0
7,25,Middle,Gym Leader Assistant,84,0,35,0,Defensive,25,0,1,0,0
8,40,Middle,Gym Leader Assistant,73,0,44,0,Aggressive,6,0,1,0,0
9,20,Middle,PokéMart Seller,9,0,20,0,Defensive,2,0,1,0,0
10,43,Middle,Casino Worker,98,0,55,0,Aggressive,5,0,1,0,0
11,29,Middle,Rocket Grunt,8,0,77,0,Aggressive,14,0,1,0,0
12,11,Middle,Breeder,95,0,34,0,Aggressive,3,0,1,0,0
13,15,Middle,Fisherman,70,0,23,0,Defensive,17,0,1,0,0
14,40,Low,Nurse,23,0,80,0,Defensive,2,0,1,0,0
15,35,Low,Researcher,33,0,60,0,Unpredictable,25,0,1,0,0
16,12,Low,Daycare Worker,81,0,54,0,Defensive,1,0,1,0,0
17,49,High,Police Officer,96,0,37,0,Defensive,1,0,1,0,0
18,70,Low,Elite Trainer,84,0,52,0,Unpredictable,22,0,1,0,0
19,48,Middle,Casino Worker,80,0,52,0,Unpredictable,4,0,1,0,0
20,54,Low,Scientist,35,1,59,0,Unpredictable,12,1,0,1,1
21,69,Middle,Gym Leader Assistant,63,0,34,0,Unpredictable,25,0,1,0,0
22,32,Middle,Scientist,5,0,27,0,Defensive,12,0,1,0,0
23,19,Middle,Daycare Worker,78,0,71,0,Defensive,11,0,1,0,0
24,21,Low,Black Market Dealer,58,0,66,0,Unpredictable,20,0,1,0,0
25,17,Low,Black Market Dealer,40,0,25,0,Unpredictable,3,0,1,0,0
26,14,Low,Rocket Grunt,7,0,63,0,Defensive,2,0,1,0,0
27,17,Low,Rocket Grunt,51,0,52,0,Defensive,9,0,1,0,0
28,10,Middle,Gym Leader Assistant,16,0,28,0,Aggressive,25,0,1,0,0
29,50,Low,Daycare Worker,27,0,36,0,Aggressive,17,0,1,0,0
30,67,Low,Rocket Grunt,16,0,40,1,Unpredictable,24,1,0,1,1
31,26,Low,Daycare Worker,90,0,60,0,Aggressive,17,0,1,0,0
32,38,Low,Breeder,14,0,85,0,Unpredictable,15,0,1,0,0
33,34,Low,Elite Trainer,38,0,61,1,Defensive,22,1,0,1,1
34,34,Middle,Champion,83,0,23,0,Aggressive,13,0,1,0,0
35,50,Low,Nurse,93,0,28,0,Defensive,8,0,1,0,0
36,43,Middle,Elite Trainer,51,0,47,0,Unpredictable,7,0,1,0,0
37,20,Middle,PokéMart Seller,24,0,36,0,Unpredictable,28,1,0,1,1
38,15,Low,Champion,72,0,84,0,Unpredictable,6,0,1,0,0
39,55,Middle,Biker,92,0,77,0,Unpredictable,12,0,1,0,0
40,38,Low,Police Officer,45,0,57,0,Defensive,13,0,1,0,0
41,31,Low,Nurse,18,1,31,0,Unpredictable,27,1,1,1,1
42,40,Low,Breeder,33,0,74,0,Aggressive,17,0,1,0,0
43,56,Middle,Underground Battler,96,0,41,0,Aggressive,22,0,1,0,0
44,29,High,Fisherman,99,1,46,0,Defensive,13,1,0,1,1
45,56,Middle,Breeder,90,0,49,0,Defensive,18,0,1,0,0
46,42,Low,Fisherman,58,0,25,0,Aggressive,21,0,1,0,0
47,47,Middle,Fisherman,96,0,32,0,Aggressive,14,0,1,0,0
48,32,Low,Black Market Dealer,30,0,47,0,Aggressive,14,0,1,0,0
49,15,Low,Breeder,53,0,40,0,Defensive,15,0,1,0,0
50,20,Middle,PokéMart Seller,16,0,75,0,Unpredictable,10,0,0,1,1
51,26,Low,Casino Worker,98,0,51,0,Unpredictable,25,0,1,0,0
52,29,Middle,Biker,19,0,51,0,Aggressive,5,0,1,0,0
53,44,Low,Black Market Dealer,84,0,62,0,Aggressive,6,0,1,0,0
54,51,Middle,Rocket Grunt,34,0,36,0,Defensive,18,0,1,0,0
55,44,High,Nurse,78,0,74,0,Unpredictable,6,0,1,0,0
56,55,High,Fisherman,59,0,66,0,Unpredictable,19,0,1,0,0
57,57,Middle,Scientist,77,0,22,0,Defensive,17,0,1,0,0
58,50,Middle,Nurse,78,0,74,0,Unpredictable,11,0,1,0,0
59,18,Low,Rocket Grunt,55,0,38,0,Unpredictable,25,0,1,0,0
60,69,Low,Police Officer,26,0,75,0,Unpredictable,22,0,1,0,0
61,40,Low,Scientist,57,0,37,0,Aggressive,11,0,1,0,0
62,44,Low,Champion,66,0,57,0,Aggressive,17,0,1,0,0
63,44,Low,Gym Leader Assistant,100,0,77,0,Unpredictable,11,0,1,0,0
64,49,Middle,Black Market Dealer,79,0,48,0,Aggressive,25,0,1,0,0
65,35,Low,Researcher,28,0,46,0,Defensive,17,0,1,0,0
66,46,Middle,Police Officer,43,0,75,0,Aggressive,26,1,1,1,0
67,10,Low,PokéMart Seller,98,0,71,0,Aggressive,10,0,1,0,0
68,33,Middle,Police Officer,9,0,63,0,Unpredictable,18,0,1,0,0
69,30,High,Researcher,65,0,27,0,Unpredictable,24,0,1,0,0
70,44,Middle,Elite Trainer,34,0,68,0,Unpredictable,11,0,1,0,0
71,32,Middle,PokéMart Seller,47,0,44,0,Defensive,22,0,1,0,0
72,31,Middle,Gym Leader Assistant,23,0,43,0,Aggressive,9,0,1,0,0
73,26,Low,Scientist,27,0,34,0,Unpredictable,2,0,1,0,0
74,58,Low,Gym Leader Assistant,13,0,78,0,Defensive,17,0,1,0,0
75,10,Low,Daycare Worker,90,0,59,0,Unpredictable,12,0,1,0,0
76,36,Low,Scientist,22,0,74,0,Defensive,8,0,1,0,0
77,13,Middle,Daycare Worker,74,0,59,0,Unpredictable,4,0,1,0,0
78,53,Middle,Elite Trainer,9,0,66,0,Unpredictable,0,0,1,0,0
79,11,Low,Nurse,8,0,61,0,Unpredictable,15,0,1,0,0
80,40,Low,Underground Battler,100,0,75,0,Defensive,25,0,1,0,0
81,54,Low,Gym Leader Assistant,69,0,57,0,Defensive,3,0,1,0,0
82,64,Low,Rocket Grunt,71,0,73,0,Unpredictable,6,0,1,0,0
83,52,Middle,Black Market Dealer,54,0,41,0,Defensive,6,0,1,0,0
84,51,Middle,Black Market Dealer,38,1,76,0,Defensive,13,1,1,1,0
85,16,Low,Underground Battler,89,0,68,0,Unpredictable,10,0,1,0,0
86,53,Low,Black Market Dealer,56,0,84,0,Aggressive,19,0,1,0,0
87,24,Middle,Rocket Grunt,30,1,66,0,Unpredictable,11,1,0,1,1
88,11,Low,Police Officer,20,0,78,0,Defensive,5,0,0,1,1
89,43,Middle,Underground Battler,53,0,53,0,Defensive,22,0,1,0,0
90,67,Middle,Casino Worker,52,0,26,0,Unpredictable,18,0,1,0,0
91,39,Low,Researcher,90,0,55,0,Aggressive,17,0,1,0,0
92,15,High,Elite Trainer,98,0,76,0,Unpredictable,17,0,1,0,0
93,37,Low,Rocket Grunt,93,0,23,0,Defensive,6,0,1,0,0
94,32,Low,Fisherman,40,0,70,0,Unpredictable,14,0,1,0,0
95,49,Middle,Champion,60,0,33,0,Aggressive,19,0,1,0,0
96,43,High,Rocket Grunt,31,0,46,0,Defensive,20,0,1,0,0
97,28,Low,Gym Leader Assistant,46,0,35,0,Unpredictable,1,0,1,0,0
98,33,High,Gym Leader Assistant,56,0,73,0,Aggressive,25,0,1,0,0
99,40,Middle,Underground Battler,59,0,23,0,Unpredictable,1,0,1,0,0
100,41,Low,Biker,50,0,53,0,Aggressive,25,0,1,0,0
101,26,Low,Police Officer,24,0,32,0,Unpredictable,7,0,1,0,0
102,67,Middle,Fisherman,46,0,21,0,Defensive,21,0,1,0,0
103,58,Middle,Black Market Dealer,7,1,48,1,Defensive,28,1,0,1,1
104,43,High,Elite Trainer,66,0,42,0,Unpredictable,6,0,1,0,0
105,52,Middle,Elite Trainer,90,0,84,0,Aggressive,11,0,1,0,0
106,19,Low,PokéMart Seller,20,0,43,0,Aggressive,3,1,0,1,1
107,22,Middle,Researcher,6,0,73,0,Defensive,6,0,1,0,0
108,48,Middle,Police Officer,41,0,42,1,Aggressive,20,0,0,1,0
109,30,High,Breeder,71,0,83,0,Unpredictable,2,0,1,0,0
110,61,Low,Black Market Dealer,51,0,37,0,Aggressive,22,0,1,0,0
111,44,Middle,Black Market Dealer,75,1,34,0,Aggressive,9,1,0,1,1
112,34,Middle,Casino Worker,90,0,55,0,Defensive,6,0,1,0,0
113,32,Middle,Daycare Worker,60,0,23,0,Defensive,9,0,1,0,0
114,70,Low,Underground Battler,96,0,78,0,Aggressive,14,0,1,0,0
115,55,Low,Breeder,82,0,40,0,Aggressive,19,0,1,0,0
116,57,Low,PokéMart Seller,35,1,70,0,Aggressive,20,1,0,1,1
117,51,Middle,Researcher,87,0,40,0,Aggressive,10,0,1,0,0
118,37,Low,Elite Trainer,17,0,49,0,Aggressive,24,0,1,0,0
119,52,Middle,Elite Trainer,32,0,50,0,Unpredictable,13,1,1,1,1
120,25,Low,Casino Worker,38,0,56,0,Unpredictable,25,0,1,0,0
121,11,High,Casino Worker,96,0,47,0,Aggressive,0,0,1,0,0
122,27,Middle,Police Officer,14,1,33,0,Aggressive,29,0,0,1,0
123,68,Middle,Scientist,81,0,58,0,Aggressive,24,0,1,0,0
124,16,High,Underground Battler,10,0,38,0,Unpredictable,16,0,1,0,0
125,55,Middle,Casino Worker,93,0,72,0,Defensive,18,0,1,0,0
126,70,Low,Biker,42,0,51,0,Unpredictable,24,0,1,0,0
127,21,Middle,Underground Battler,60,0,78,0,Defensive,12,0,1,0,0
128,25,High,Nurse,55,0,76,0,Unpredictable,20,1,0,1,1
129,16,Low,Casino Worker,55,0,32,0,Defensive,3,0,1,0,0
130,42,Middle,PokéMart Seller,74,0,20,0,Defensive,18,0,1,0,0
131,22,High,Champion,62,0,62,0,Defensive,7,0,1,0,0
132,16,Low,PokéMart Seller,32,0,20,0,Unpredictable,17,0,1,0,0
133,24,High,Nurse,55,0,72,0,Unpredictable,16,0,1,0,0
134,68,Low,Rocket Grunt,67,0,59,0,Aggressive,1,0,1,0,0
135,68,Middle,Gym Leader Assistant,63,0,43,0,Aggressive,13,0,1,0,0
136,36,Middle,Police Officer,14,0,50,0,Unpredictable,25,0,1,0,0
137,49,Low,Casino Worker,96,1,52,0,Defensive,16,0,0,1,0
138,37,Low,Biker,24,0,79,0,Defensive,25,0,1,0,0
139,29,High,Biker,72,0,85,0,Unpredictable,19,0,1,0,0
140,34,Middle,Police Officer,53,0,70,0,Unpredictable,4,0,1,0,0
141,65,High,Underground Battler,57,0,24,0,Defensive,23,0,1,0,0
142,39,Low,Police Officer,69,0,79,0,Unpredictable,17,0,1,0,0
143,18,Low,Biker,84,0,76,0,Defensive,18,0,1,0,0
144,41,Low,Black Market Dealer,97,0,31,0,Aggressive,22,1,1,1,0
145,57,Middle,Black Market Dealer,65,0,69,0,Unpredictable,9,0,1,0,0
146,59,High,Scientist,16,0,86,0,Unpredictable,23,1,0,1,1
147,21,Middle,Casino Worker,94,0,35,0,Defensive,1,0,1,0,0
148,32,Low,Champion,39,0,40,0,Unpredictable,13,0,1,0,0
149,45,Middle,PokéMart Seller,82,0,62,0,Unpredictable,1,0,1,0,0
150,60,Middle,Champion,74,0,72,0,Unpredictable,20,0,1,0,0
151,25,Low,Fisherman,87,0,62,0,Unpredictable,0,0,1,0,0
152,10,Middle,Rocket Grunt,91,0,20,0,Defensive,1,0,1,0,0
153,24,High,Biker,48,0,84,0,Defensive,19,0,1,0,0
154,30,Low,Champion,72,0,60,0,Unpredictable,25,0,1,0,0
155,66,Low,Champion,66,0,71,0,Unpredictable,17,0,1,0,0
156,37,Middle,Fisherman,9,0,78,0,Defensive,13,0,1,0,0
157,10,Middle,Rocket Grunt,98,0,80,0,Defensive,1,0,1,0,0
158,48,Middle,PokéMart Seller,18,0,56,0,Aggressive,21,0,1,0,0
159,57,High,Elite Trainer,94,0,31,0,Unpredictable,14,0,1,0,0
160,13,High,Casino Worker,37,0,83,0,Aggressive,3,0,1,0,0
161,50,Middle,Rocket Grunt,42,0,46,0,Defensive,21,0,1,0,0
162,66,Low,PokéMart Seller,33,0,29,0,Aggressive,1,0,1,0,0
163,52,Low,Researcher,100,0,71,0,Aggressive,14,0,0,1,1
164,49,Low,Fisherman,35,0,67,0,Unpredictable,1,0,1,0,0
165,61,Low,Fisherman,16,0,30,0,Defensive,23,0,1,0,0
166,46,Middle,Fisherman,53,0,71,0,Defensive,21,0,1,0,0
167,32,Low,Police Officer,59,0,74,0,Defensive,11,0,1,0,0
168,14,Low,Researcher,89,0,69,0,Unpredictable,18,0,1,0,0
169,54,Low,Fisherman,52,0,30,0,Defensive,6,0,1,0,0
170,54,Low,Police Officer,47,0,85,0,Aggressive,10,0,1,0,0
171,13,Middle,PokéMart Seller,84,0,79,0,Aggressive,19,0,1,0,0
172,40,High,Underground Battler,59,0,59,0,Aggressive,1,0,1,0,0
173,39,High,Breeder,37,0,85,0,Aggressive,11,0,1,0,0
174,36,Middle,Champion,9,0,61,0,Aggressive,22,0,1,0,0
175,65,Middle,Researcher,84,0,20,0,Defensive,3,0,1,0,0
176,42,Middle,Underground Battler,22,0,47,0,Unpredictable,8,0,1,0,0
177,45,Middle,Daycare Worker,58,0,79,0,Unpredictable,1,0,1,0,0
178,32,Middle,Police Officer,68,0,28,0,Aggressive,3,0,1,0,0
179,46,Middle,Gym Leader Assistant,38,0,32,0,Unpredictable,6,0,1,0,0
180,46,Middle,Gym Leader Assistant,46,0,59,0,Defensive,20,0,1,0,0
181,10,Middle,Scientist,66,0,53,0,Aggressive,19,0,1,0,0
182,49,Middle,Scientist,23,0,76,0,Aggressive,17,0,1,0,0
183,58,Middle,Police Officer,41,0,23,0,Aggressive,9,0,1,0,0
184,29,Middle,Biker,62,0,48,0,Defensive,21,0,1,0,0
185,68,Middle,Scientist,42,0,30,0,Unpredictable,14,0,1,0,0
186,41,Middle,Rocket Grunt,28,0,49,0,Unpredictable,6,0,1,0,0
187,39,High,Underground Battler,49,0,33,0,Unpredictable,19,0,1,0,0
188,42,Middle,Black Market Dealer,50,0,65,0,Unpredictable,2,0,1,0,0
189,60,Low,Biker,38,0,76,0,Defensive,21,0,1,0,0
190,32,Middle,Nurse,18,0,28,0,Aggressive,15,0,1,0,0
191,31,Middle,Breeder,26,0,75,0,Unpredictable,8,0,1,0,0
192,44,High,Daycare Worker,43,0,61,0,Aggressive,22,0,1,0,0
193,36,Middle,Police Officer,42,0,79,0,Aggressive,4,0,1,0,0
194,37,Low,Nurse,47,0,83,0,Aggressive,21,0,1,0,0
195,55,Middle,Scientist,65,0,36,0,Unpredictable,6,0,1,0,0
196,30,Low,Biker,17,1,90,0,Aggressive,20,0,0,1,1
197,49,Middle,Breeder,35,0,32,0,Defensive,22,0,1,0,0
198,35,Middle,Champion,57,0,39,0,Defensive,15,0,1,0,0
199,59,Low,Fisherman,26,0,77,0,Aggressive,7,0,1,0,0
200,67,High,Researcher,100,0,58,0,Unpredictable,18,0,1,0,0
201,59,High,Casino Worker,13,0,38,0,Unpredictable,6,0,1,0,0
202,66,Middle,Fisherman,15,0,55,0,Aggressive,14,0,1,0,0
203,31,High,Underground Battler,35,0,68,0,Aggressive,1,0,1,0,0
204,55,Middle,Rocket Grunt,43,0,54,0,Defensive,8,0,1,0,0
205,11,Middle,Black Market Dealer,78,1,74,0,Aggressive,26,1,0,1,1
206,70,Middle,Underground Battler,54,0,32,0,Unpredictable,11,1,0,1,1
207,53,Low,Rocket Grunt,59,0,48,0,Unpredictable,18,0,1,0,0
208,21,Middle,Champion,92,0,61,0,Unpredictable,11,0,1,0,0
209,29,Middle,Police Officer,55,1,84,1,Aggressive,26,1,0,1,1
210,61,Middle,Underground Battler,100,1,66,0,Unpredictable,3,1,1,1,1
211,69,Middle,Researcher,36,0,45,0,Unpredictable,1,0,1,0,0
212,16,Low,Rocket Grunt,48,0,44,0,Aggressive,4,0,1,0,0
213,51,Low,Elite Trainer,79,0,66,0,Unpredictable,9,0,1,0,0
214,64,Low,Champion,41,0,31,0,Unpredictable,3,0,1,0,0
215,10,Middle,Daycare Worker,46,0,29,0,Unpredictable,23,0,1,0,0
216,52,Middle,Casino Worker,65,0,21,0,Aggressive,4,0,1,0,0
217,26,Low,Biker,17,0,49,0,Defensive,24,0,1,0,0
218,64,Middle,Breeder,75,0,82,0,Aggressive,14,0,1,0,0
219,65,Low,Elite Trainer,64,0,83,0,Unpredictable,24,0,1,0,0
220,58,Low,Researcher,45,0,34,0,Unpredictable,23,0,1,0,0
221,23,Middle,Biker,25,0,58,0,Aggressive,13,0,1,0,0
222,11,Low,Breeder,92,0,26,0,Unpredictable,1,0,1,0,0
223,55,Middle,Fisherman,95,0,35,0,Aggressive,22,0,1,0,0
224,64,Middle,Police Officer,90,0,37,0,Aggressive,21,0,1,0,0
225,68,High,Fisherman,94,0,60,0,Defensive,24,0,1,0,0
226,70,Middle,Nurse,82,0,45,0,Unpredictable,12,0,1,0,0
227,17,Middle,Biker,57,1,57,0,Defensive,23,1,0,1,1
228,69,Middle,Biker,70,0,80,0,Defensive,5,0,1,0,0
229,29,Middle,Biker,18,0,51,0,Aggressive,2,0,1,0,0
230,35,High,Researcher,86,0,56,1,Defensive,23,1,0,1,1
231,31,Middle,Daycare Worker,56,0,59,0,Aggressive,15,0,0,1,1
232,13,Middle,Black Market Dealer,61,0,32,0,Defensive,15,0,1,0,0
233,38,Low,Daycare Worker,84,0,69,0,Unpredictable,21,0,1,0,0
234,14,Low,Daycare Worker,53,0,70,0,Unpredictable,15,0,1,0,0
235,18,Middle,Researcher,60,0,36,0,Defensive,14,0,1,0,0
236,49,Middle,Biker,53,0,84,0,Unpredictable,22,0,1,0,0
237,30,Middle,PokéMart Seller,9,0,27,0,Aggressive,12,0,1,0,0
238,13,Middle,Scientist,35,0,39,0,Unpredictable,24,1,0,1,1
239,67,High,Casino Worker,66,0,66,0,Defensive,4,0,1,0,0
240,16,Low,Champion,60,0,61,0,Defensive,23,0,1,0,0
241,67,Middle,Fisherman,28,0,46,0,Defensive,20,0,1,0,0
242,47,Low,Gym Leader Assistant,36,0,53,0,Unpredictable,6,0,1,0,0
243,58,Middle,Casino Worker,5,0,45,0,Defensive,18,0,1,0,0
244,61,Low,Casino Worker,52,0,39,0,Unpredictable,2,0,1,0,0
245,25,Middle,Biker,36,0,79,0,Defensive,17,0,1,0,0
246,26,Middle,Underground Battler,39,0,39,0,Unpredictable,25,0,1,0,0
247,21,Middle,Researcher,36,0,24,0,Defensive,8,0,1,0,0
248,26,Middle,Elite Trainer,87,0,56,0,Aggressive,16,0,1,0,0
249,44,Middle,Black Market Dealer,78,0,27,0,Aggressive,8,0,1,0,0
250,11,Middle,Underground Battler,57,1,73,0,Unpredictable,13,1,0,1,1
251,28,Low,PokéMart Seller,89,0,66,0,Defensive,8,0,1,0,0
252,54,High,Breeder,56,0,74,0,Aggressive,22,0,1,0,0
253,43,High,Gym Leader Assistant,5,0,73,0,Unpredictable,14,0,1,0,0
254,58,Middle,Elite Trainer,32,0,51,0,Defensive,24,1,0,1,1
255,40,Low,Scientist,57,0,26,0,Unpredictable,5,0,1,0,0
256,30,High,Researcher,41,0,26,0,Defensive,1,0,1,0,0
257,42,Low,Casino Worker,49,0,21,0,Aggressive,0,0,1,0,0
258,20,Middle,Scientist,9,0,60,0,Defensive,15,0,1,0,0
259,36,Middle,Black Market Dealer,9,0,57,0,Unpredictable,2,0,1,0,0
260,43,Middle,Underground Battler,82,0,74,0,Aggressive,17,0,1,0,0
261,56,Middle,Rocket Grunt,7,0,43,0,Aggressive,24,0,1,0,0
262,11,Middle,Researcher,94,1,64,0,Aggressive,29,1,0,1,1
263,28,High,Scientist,28,0,25,0,Defensive,20,0,1,0,0
264,64,High,Breeder,77,0,42,0,Aggressive,16,0,1,0,0
265,22,Low,Scientist,58,0,54,0,Defensive,17,0,1,0,0
266,28,Middle,Gym Leader Assistant,100,1,52,0,Defensive,9,0,1,1,1
267,28,Middle,Fisherman,71,0,30,0,Defensive,14,0,1,0,0
268,58,Low,Underground Battler,92,1,39,0,Defensive,14,1,0,1,1
269,13,Middle,Fisherman,38,0,52,0,Defensive,7,1,0,1,1
270,41,Middle,Breeder,10,0,74,0,Defensive,21,0,1,0,0
271,30,Middle,Police Officer,90,0,20,0,Unpredictable,23,0,1,0,0
272,50,Low,Gym Leader Assistant,9,0,41,0,Unpredictable,16,0,1,0,0
273,54,Middle,Elite Trainer,60,0,23,0,Aggressive,19,0,1,0,0
274,50,High,Researcher,99,0,82,0,Unpredictable,25,0,1,0,0
275,63,Low,Breeder,92,0,79,0,Aggressive,25,0,1,0,0
276,23,Middle,Police Officer,83,0,40,0,Aggressive,10,0,1,0,0
277,48,Low,Biker,70,1,67,0,Unpredictable,24,1,0,1,0
278,13,Middle,Scientist,59,0,62,0,Unpredictable,20,0,1,0,0
279,31,Middle,Police Officer,12,0,62,0,Unpredictable,18,0,1,0,0
280,55,Low,Rocket Grunt,6,0,55,0,Defensive,6,0,1,0,0
281,13,Low,Gym Leader Assistant,19,1,62,1,Aggressive,10,0,0,1,1
282,68,Middle,Black Market Dealer,46,1,77,0,Unpredictable,23,1,0,1,1
283,44,Middle,Elite Trainer,94,0,79,0,Unpredictable,13,0,1,0,0
284,50,Low,Biker,73,0,52,0,Aggressive,20,0,1,0,0
285,15,Low,Underground Battler,17,0,63,0,Unpredictable,15,0,1,0,0
286,69,Low,Police Officer,15,0,50,0,Aggressive,22,0,1,0,0
287,45,High,Breeder,17,0,81,0,Aggressive,22,0,1,0,0
288,41,Middle,Breeder,58,0,32,0,Unpredictable,17,0,1,0,0
289,52,Low,Biker,18,0,51,0,Unpredictable,15,0,1,0,0
290,42,Low,Champion,71,0,50,0,Aggressive,23,0,1,0,0
291,24,High,Elite Trainer,99,0,53,0,Aggressive,0,0,1,0,0
292,28,High,Black Market Dealer,41,0,38,0,Defensive,0,0,1,0,0
293,29,Middle,Nurse,32,0,48,0,Aggressive,3,0,1,0,0
294,19,Low,Daycare Worker,76,0,29,0,Aggressive,7,0,1,0,0
295,64,Middle,Nurse,28,0,61,0,Unpredictable,23,0,1,0,0
296,55,Middle,Gym Leader Assistant,53,0,58,0,Aggressive,4,1,0,1,1
297,32,Low,Underground Battler,47,0,74,0,Defensive,12,0,1,0,0
298,44,High,Breeder,42,0,50,0,Defensive,8,1,0,1,1
299,31,Middle,Scientist,17,0,39,0,Aggressive,25,0,1,0,0
300,38,Middle,Nurse,43,0,60,0,Defensive,25,0,1,0,0
301,42,Middle,PokéMart Seller,48,0,82,0,Defensive,12,0,1,0,0
302,60,Low,Researcher,90,0,76,0,Aggressive,14,0,1,0,0
303,24,Middle,Elite Trainer,71,0,23,0,Unpredictable,20,0,1,0,0
304,58,Middle,Rocket Grunt,66,0,29,0,Aggressive,15,0,1,0,0
305,18,Middle,Breeder,90,0,38,0,Defensive,3,0,1,0,0
306,32,Middle,Biker,68,0,40,1,Unpredictable,25,1,0,1,1
307,58,Middle,Underground Battler,74,0,79,0,Aggressive,20,0,1,0,0
308,26,Low,Police Officer,34,0,31,0,Defensive,22,0,1,0,0
309,22,Middle,Daycare Worker,89,1,72,0,Defensive,20,0,0,1,1
310,10,Middle,Scientist,83,0,76,0,Unpredictable,22,0,1,0,0
311,42,Low,Black Market Dealer,65,0,82,0,Defensive,15,0,0,1,0
312,24,Middle,Researcher,7,0,27,0,Unpredictable,20,0,1,0,0
313,27,Low,Researcher,25,0,20,0,Unpredictable,0,0,1,0,0
314,55,High,Daycare Worker,63,0,20,0,Aggressive,7,0,1,0,0
315,62,Low,Black Market Dealer,78,0,50,0,Unpredictable,11,0,1,0,0
316,28,Middle,Breeder,66,0,53,0,Defensive,17,0,1,0,0
317,49,Middle,Casino Worker,79,0,78,0,Defensive,19,0,1,0,0
318,55,Middle,Breeder,99,0,22,0,Aggressive,18,0,1,0,0
319,10,Middle,Nurse,11,0,27,0,Aggressive,13,0,1,0,0
320,65,Low,Scientist,7,0,21,0,Unpredictable,11,0,1,0,0
321,49,Middle,Champion,90,0,81,0,Unpredictable,14,0,1,0,0
322,29,Low,Rocket Grunt,86,0,34,0,Aggressive,22,0,1,0,0
323,70,Low,Scientist,14,0,32,0,Defensive,19,0,1,0,0
324,39,Middle,Black Market Dealer,100,0,77,0,Defensive,2,0,1,0,0
325,69,High,Scientist,54,0,50,0,Aggressive,2,0,1,0,0
326,45,Low,Daycare Worker,52,0,72,0,Defensive,24,0,1,0,0
327,14,Middle,Biker,21,1,90,0,Aggressive,16,0,1,1,1
328,70,High,Fisherman,48,0,84,0,Defensive,16,0,1,0,0
329,42,Low,Biker,66,0,57,0,Defensive,1,0,1,0,0
330,39,Low,Biker,87,0,63,0,Defensive,9,0,1,0,0
331,49,Low,Black Market Dealer,79,0,38,0,Aggressive,16,0,1,0,0
332,39,Middle,Biker,98,0,25,0,Unpredictable,14,0,1,0,0
333,33,Middle,Police Officer,23,1,51,0,Aggressive,24,0,1,1,1
334,20,Low,Elite Trainer,62,0,45,0,Unpredictable,1,0,1,0,0
335,24,Middle,PokéMart Seller,36,1,82,0,Aggressive,25,0,1,1,0
336,19,High,PokéMart Seller,21,0,62,0,Unpredictable,10,0,1,0,0
337,35,Middle,Nurse,16,0,25,0,Aggressive,23,0,1,0,0
338,33,Low,Biker,37,0,25,0,Defensive,6,0,1,0,0
339,63,Middle,Black Market Dealer,37,0,73,0,Defensive,9,0,1,0,0
340,43,Middle,Police Officer,18,0,85,0,Aggressive,2,0,1,0,0
341,22,Middle,Daycare Worker,24,1,85,0,Aggressive,13,1,0,1,1
342,39,Low,Elite Trainer,20,0,27,0,Aggressive,22,0,1,0,0
343,38,Middle,Gym Leader Assistant,76,0,24,0,Defensive,24,0,1,0,0
344,30,Low,PokéMart Seller,64,0,58,0,Unpredictable,5,0,1,0,0
345,65,Middle,Scientist,92,0,37,0,Aggressive,10,0,1,0,0
346,59,High,Rocket Grunt,7,0,65,0,Defensive,15,0,1,0,0
347,69,Low,Biker,16,0,67,0,Unpredictable,24,0,1,0,0
348,11,Middle,Scientist,35,0,30,0,Defensive,7,0,1,0,0
349,62,Low,Champion,12,0,36,0,Unpredictable,11,0,1,0,0
350,56,Middle,Breeder,76,0,85,0,Defensive,3,0,1,0,0
351,57,Low,Elite Trainer,18,0,83,0,Defensive,14,0,1,0,0
352,37,Middle,Nurse,69,0,60,0,Unpredictable,4,0,1,0,0
353,25,Middle,Fisherman,9,0,54,0,Defensive,7,0,0,1,0
354,55,Middle,Elite Trainer,63,0,29,0,Aggressive,13,0,1,0,0
355,22,Middle,Fisherman,70,0,70,0,Unpredictable,20,0,1,0,0
356,50,High,Biker,74,0,30,0,Defensive,2,0,1,0,0
357,37,Low,Gym Leader Assistant,96,0,44,0,Unpredictable,7,1,0,1,1
358,26,Middle,Breeder,42,0,82,0,Unpredictable,20,0,1,0,0
359,11,Middle,Casino Worker,11,0,60,0,Aggressive,3,0,1,0,0
360,60,High,Black Market Dealer,60,0,46,0,Defensive,13,0,1,0,0
361,57,Middle,Rocket Grunt,22,0,47,0,Aggressive,0,0,1,0,0
362,63,Middle,Underground Battler,5,1,38,0,Defensive,29,0,0,1,1
363,11,Middle,Scientist,73,0,54,0,Defensive,23,0,0,1,1
364,34,Middle,Gym Leader Assistant,66,0,30,0,Aggressive,25,0,1,0,0
365,37,High,Gym Leader Assistant,37,0,31,0,Defensive,12,1,0,1,1
366,41,Low,Researcher,100,0,42,0,Aggressive,2,0,1,0,0
367,30,Middle,Champion,55,0,24,0,Unpredictable,14,0,1,0,0
368,38,Middle,Gym Leader Assistant,86,0,49,0,Aggressive,10,0,1,0,0
369,57,Middle,Daycare Worker,68,1,56,0,Defensive,12,1,0,1,1
370,11,Middle,PokéMart Seller,42,0,33,0,Aggressive,22,0,1,0,0
371,22,Middle,Scientist,97,0,49,0,Defensive,23,0,1,0,0
372,34,Low,Daycare Worker,15,1,46,0,Aggressive,13,0,0,1,1
373,69,Low,Gym Leader Assistant,9,1,69,1,Unpredictable,13,1,0,1,1
374,36,Low,Gym Leader Assistant,26,0,29,0,Unpredictable,9,0,1,0,0
375,59,Middle,Gym Leader Assistant,5,0,79,0,Defensive,13,0,1,0,0
376,61,Low,Daycare Worker,100,0,50,0,Unpredictable,11,0,1,0,0
377,16,Low,Underground Battler,71,1,50,0,Aggressive,28,1,1,1,1
378,40,High,Black Market Dealer,11,0,40,0,Defensive,20,0,1,0,0
379,30,Low,Champion,60,0,75,0,Aggressive,11,0,1,0,0
380,57,Middle,Biker,47,0,66,0,Unpredictable,2,0,1,0,0
381,61,Low,Biker,95,0,75,0,Defensive,6,0,1,0,0
382,53,Low,PokéMart Seller,86,0,31,0,Unpredictable,9,0,1,0,0
383,48,Low,Nurse,88,0,30,0,Unpredictable,5,0,1,0,0
384,30,Low,Breeder,50,0,20,0,Defensive,21,0,1,0,0
385,25,High,Fisherman,44,0,74,0,Unpredictable,9,0,1,0,0
386,18,Low,Police Officer,68,0,80,0,Aggressive,17,0,1,0,0
387,20,Middle,Gym Leader Assistant,19,0,21,0,Defensive,9,0,1,0,0
388,19,Low,Nurse,66,0,57,0,Aggressive,13,0,1,0,0
389,48,Low,Daycare Worker,27,0,76,0,Defensive,25,0,1,0,0
390,47,Middle,Fisherman,44,0,79,0,Aggressive,19,0,1,0,0
391,36,Low,Casino Worker,6,0,78,0,Unpredictable,25,0,1,0,0
392,34,Low,Fisherman,6,0,80,0,Unpredictable,1,0,1,0,0
393,13,Middle,Daycare Worker,72,0,49,0,Unpredictable,14,0,1,0,0
394,41,Middle,Scientist,24,0,75,0,Unpredictable,18,0,1,0,0
395,36,Middle,Underground Battler,59,0,75,0,Defensive,19,0,1,0,0
396,54,Middle,Rocket Grunt,68,0,70,0,Aggressive,8,0,1,0,0
397,61,Low,Police Officer,75,1,71,0,Defensive,27,0,0,1,1
398,20,High,Elite Trainer,98,0,34,0,Defensive,16,1,0,1,1
399,17,Middle,Police Officer,48,0,30,0,Defensive,16,0,1,0,0
400,30,Middle,Police Officer,66,0,46,0,Aggressive,19,0,1,0,0
401,36,Middle,Elite Trainer,22,0,45,0,Unpredictable,21,0,1,0,0
402,52,High,Police Officer,9,0,53,0,Aggressive,24,0,1,0,0
403,65,Low,PokéMart Seller,84,0,81,0,Defensive,23,0,1,0,0
404,25,Low,Rocket Grunt,64,0,53,0,Unpredictable,3,0,1,0,0
405,64,High,Gym Leader Assistant,34,0,44,0,Unpredictable,5,0,1,0,0
406,67,Low,Casino Worker,58,0,60,0,Aggressive,26,0,0,1,1
407,55,Middle,Daycare Worker,40,0,71,0,Defensive,0,0,1,0,0
408,70,Middle,Daycare Worker,86,0,74,0,Aggressive,25,0,1,0,0
409,64,Middle,Underground Battler,66,0,23,0,Unpredictable,25,0,1,0,0
410,59,Middle,Biker,5,0,79,0,Unpredictable,0,0,1,0,0
411,32,High,Elite Trainer,60,0,22,0,Aggressive,7,0,1,0,0
412,54,High,Champion,47,0,22,0,Aggressive,18,0,1,0,0
413,52,Middle,Black Market Dealer,58,0,59,0,Defensive,20,0,1,0,0
414,42,Middle,Daycare Worker,75,0,81,0,Defensive,9,0,1,0,0
415,59,Middle,Breeder,24,0,41,0,Defensive,17,0,1,0,0
416,62,Low,Breeder,58,0,52,0,Defensive,5,0,1,0,0
417,45,Low,Fisherman,100,0,56,0,Aggressive,18,0,1,0,0
418,50,Middle,Researcher,55,0,79,0,Unpredictable,30,1,0,1,0
419,11,Low,Biker,9,0,57,0,Defensive,8,0,1,0,0
420,61,Middle,Daycare Worker,28,0,63,0,Aggressive,17,0,1,0,0
421,46,High,Elite Trainer,29,0,32,0,Aggressive,18,0,1,0,0
422,40,Low,Rocket Grunt,31,0,42,0,Unpredictable,13,0,1,0,0
423,49,Middle,Casino Worker,28,0,72,0,Aggressive,24,0,1,0,0
424,14,Middle,Scientist,64,0,40,0,Aggressive,10,0,1,0,0
425,45,Middle,Biker,83,0,58,0,Defensive,21,0,1,0,0
426,21,Middle,Researcher,40,0,35,0,Aggressive,19,0,1,0,0
427,45,Low,Daycare Worker,63,1,65,0,Defensive,15,0,1,1,1
428,62,High,Daycare Worker,5,0,42,0,Aggressive,3,0,1,0,0
429,61,Low,Rocket Grunt,92,0,50,0,Unpredictable,6,0,1,0,0
430,48,Low,Nurse,64,0,61,0,Unpredictable,19,0,1,0,0
431,36,High,PokéMart Seller,54,0,69,0,Defensive,5,0,1,0,0
432,51,Middle,Elite Trainer,62,0,59,0,Defensive,3,0,1,0,0
433,62,Middle,Elite Trainer,24,0,51,0,Unpredictable,1,0,1,0,0
434,37,Low,Rocket Grunt,99,0,47,0,Defensive,2,0,1,0,0
435,22,Middle,Rocket Grunt,12,0,48,0,Unpredictable,18,0,1,0,0
436,28,Low,Biker,62,0,74,0,Aggressive,23,0,0,1,1
437,58,Low,Breeder,76,0,34,0,Defensive,3,0,1,0,0
438,65,Middle,Underground Battler,10,0,35,0,Defensive,22,0,1,0,0
439,40,Middle,Daycare Worker,95,0,62,0,Defensive,7,0,1,0,0
440,28,High,Black Market Dealer,75,0,65,0,Aggressive,0,0,1,0,0
441,45,Middle,PokéMart Seller,52,0,86,0,Aggressive,14,1,0,1,1
442,69,Low,PokéMart Seller,66,0,82,0,Unpredictable,0,0,1,0,0
443,29,Middle,Fisherman,35,0,32,0,Defensive,25,0,1,0,0
444,29,Low,Champion,61,0,46,0,Aggressive,3,0,1,0,0
445,60,Low,Black Market Dealer,75,0,41,0,Defensive,25,0,1,0,0
446,42,Middle,Researcher,37,0,84,0,Defensive,2,0,1,0,0
447,40,High,Police Officer,67,0,44,0,Unpredictable,7,0,1,0,0
448,33,Low,Fisherman,74,0,66,0,Unpredictable,2,0,1,0,0
449,28,Low,Biker,90,0,43,0,Aggressive,18,0,1,0,0
450,26,Middle,Elite Trainer,64,0,82,0,Unpredictable,23,0,1,0,0
451,47,Middle,Fisherman,67,0,49,0,Unpredictable,3,0,0,1,1
452,59,Low,Breeder,31,1,50,0,Aggressive,27,0,0,1,1
453,52,Middle,Gym Leader Assistant,62,0,44,0,Defensive,1,0,1,0,0
454,64,Middle,Police Officer,9,0,79,0,Unpredictable,1,0,1,0,0
455,34,Low,Casino Worker,63,0,65,0,Unpredictable,15,0,1,0,0
456,25,Middle,PokéMart Seller,47,0,71,0,Defensive,17,0,1,0,0
457,14,Middle,Black Market Dealer,26,0,84,0,Aggressive,22,0,1,0,0
458,46,High,Biker,39,0,31,0,Aggressive,11,0,1,0,0
459,40,High,Daycare Worker,90,0,84,0,Defensive,25,0,1,0,0
460,66,High,Black Market Dealer,92,0,41,0,Unpredictable,24,0,1,0,0
461,68,Middle,Researcher,63,0,47,0,Defensive,6,0,1,0,0
462,31,Low,Nurse,78,0,43,0,Unpredictable,17,0,1,0,0
463,51,Middle,Fisherman,5,0,59,0,Aggressive,1,0,1,0,0
464,27,Middle,Casino Worker,32,0,45,0,Defensive,11,0,1,0,0
465,62,Middle,Gym Leader Assistant,15,0,60,0,Aggressive,16,0,1,0,0
466,52,Low,Police Officer,42,0,55,0,Unpredictable,19,0,1,0,0
467,17,Low,Fisherman,49,0,29,0,Unpredictable,23,0,1,0,0
468,11,Middle,Fisherman,44,0,43,0,Aggressive,11,0,1,0,0
469,36,Low,Nurse,67,0,85,0,Unpredictable,13,0,1,0,0
470,63,Middle,Nurse,73,0,82,0,Defensive,13,0,1,0,0
471,35,Middle,Police Officer,24,0,58,0,Unpredictable,10,0,1,1,1
472,13,High,Gym Leader Assistant,40,0,83,0,Defensive,13,0,1,0,0
473,28,Middle,Biker,45,0,36,0,Unpredictable,19,0,1,0,0
474,10,Low,Gym Leader Assistant,23,0,58,0,Aggressive,18,0,1,0,0
475,69,Low,Scientist,33,0,78,0,Unpredictable,10,0,1,0,0
476,65,Middle,Nurse,21,0,27,0,Aggressive,14,0,1,0,0
477,61,Middle,Rocket Grunt,93,0,25,0,Unpredictable,16,0,1,0,0
478,21,Middle,Daycare Worker,68,0,79,0,Defensive,19,0,1,0,0
479,59,Middle,Casino Worker,10,0,76,0,Unpredictable,5,0,1,0,0
480,24,Middle,Champion,90,0,24,0,Defensive,24,0,1,0,0
481,40,Middle,Gym Leader Assistant,32,0,76,0,Aggressive,16,0,1,0,0
482,32,Low,PokéMart Seller,67,0,30,0,Defensive,4,0,1,0,0
483,33,Low,Black Market Dealer,48,0,69,0,Defensive,7,0,1,0,0
484,46,Middle,Breeder,73,0,77,0,Defensive,2,0,1,0,0
485,51,Low,Black Market Dealer,26,0,26,0,Unpredictable,23,0,1,0,0
486,70,High,Researcher,67,1,43,0,Unpredictable,8,1,1,1,0
487,46,Low,Elite Trainer,84,0,34,0,Aggressive,23,0,1,0,0
488,29,Middle,Gym Leader Assistant,34,0,74,0,Aggressive,18,0,1,0,0
489,37,Middle,Gym Leader Assistant,62,0,85,0,Defensive,13,0,1,0,0
490,50,High,PokéMart Seller,72,0,44,0,Defensive,24,0,1,0,0
491,21,Low,Black Market Dealer,60,0,32,0,Unpredictable,3,1,0,1,1
492,64,Low,Police Officer,83,0,64,0,Defensive,2,0,1,0,0
493,17,High,Champion,9,0,52,0,Unpredictable,16,0,1,0,0
494,67,Middle,Black Market Dealer,26,0,69,0,Defensive,8,0,1,0,0
495,43,Low,Scientist,65,0,47,0,Defensive,26,1,0,1,1
496,64,Middle,Elite Trainer,41,0,77,0,Defensive,19,0,1,0,0
497,43,Low,Researcher,79,0,83,0,Defensive,18,0,1,0,0
498,53,Low,Police Officer,25,0,83,0,Unpredictable,9,0,1,0,0
499,44,High,Scientist,53,1,48,0,Unpredictable,5,0,1,1,1
500,31,Low,Casino Worker,98,0,77,0,Defensive,6,0,1,0,0
501,24,Middle,Black Market Dealer,80,0,59,0,Aggressive,15,0,1,0,0
502,40,Middle,Elite Trainer,71,0,75,0,Unpredictable,10,0,1,0,0
503,35,Middle,Police Officer,81,0,78,0,Aggressive,17,0,1,0,0
504,53,Middle,Police Officer,21,0,40,0,Unpredictable,5,1,0,1,1
505,43,Middle,Champion,59,0,52,0,Aggressive,3,0,0,1,1
506,69,Middle,Biker,91,0,23,0,Defensive,10,0,1,0,0
507,17,Middle,Champion,73,0,69,0,Unpredictable,14,0,1,0,0
508,62,Low,Scientist,66,0,65,0,Defensive,13,0,1,0,0
509,31,Middle,Casino Worker,73,0,24,0,Aggressive,14,0,1,0,0
510,60,Middle,Scientist,15,0,48,0,Defensive,13,0,1,0,0
511,67,Middle,Nurse,12,0,31,0,Unpredictable,7,1,0,1,1
512,20,Middle,Breeder,98,0,33,0,Aggressive,12,0,1,0,0
513,63,Low,Underground Battler,6,0,58,0,Defensive,6,0,1,0,0
514,49,High,Fisherman,5,0,61,0,Defensive,20,0,1,0,0
515,48,Low,Elite Trainer,61,0,23,0,Aggressive,1,0,1,0,0
516,68,Middle,Daycare Worker,67,0,82,0,Defensive,17,0,1,0,0
517,11,Middle,Casino Worker,49,0,25,0,Aggressive,5,0,1,0,0
518,22,Low,Elite Trainer,68,0,27,0,Unpredictable,4,0,1,0,0
519,41,Low,Nurse,7,0,65,0,Unpredictable,12,0,0,1,0
520,58,Low,Underground Battler,66,0,80,0,Defensive,4,0,1,0,0
521,15,Middle,Black Market Dealer,66,0,55,0,Defensive,24,0,1,0,0
522,64,Middle,Biker,35,0,22,0,Aggressive,17,0,1,0,0
523,51,High,Breeder,15,1,44,0,Unpredictable,13,1,0,1,1
524,20,Low,Rocket Grunt,5,0,49,0,Defensive,9,0,1,0,0
525,53,Low,Gym Leader Assistant,84,0,36,0,Unpredictable,22,0,1,0,0
526,31,Low,Gym Leader Assistant,6,0,33,0,Defensive,9,0,1,0,0
527,10,Low,Police Officer,56,0,75,0,Unpredictable,24,0,1,0,0
528,46,High,Police Officer,48,0,33,0,Defensive,5,0,1,0,0
529,32,High,Daycare Worker,37,0,52,0,Unpredictable,20,0,1,0,0
530,24,Low,Casino Worker,57,0,66,0,Defensive,2,0,1,0,0
531,54,Middle,Underground Battler,18,0,26,0,Aggressive,0,0,1,0,0
532,57,Middle,Black Market Dealer,11,0,42,0,Aggressive,7,0,1,0,0
533,16,High,Nurse,19,0,43,0,Defensive,14,0,1,0,0
534,68,Low,Rocket Grunt,22,0,44,0,Defensive,28,1,1,1,1
535,45,Middle,Elite Trainer,10,0,84,0,Defensive,20,0,1,0,0
536,40,High,Nurse,97,0,85,0,Defensive,4,0,1,0,0
537,55,Middle,Police Officer,29,1,76,0,Defensive,5,1,0,1,1
538,55,Low,Police Officer,15,0,38,0,Aggressive,12,0,1,0,0
539,69,Low,Black Market Dealer,22,0,69,0,Aggressive,9,0,1,0,0
540,41,Middle,Gym Leader Assistant,29,0,44,0,Defensive,18,0,1,0,0
541,48,Middle,Elite Trainer,59,0,43,0,Unpredictable,2,0,1,0,0
542,70,Middle,Black Market Dealer,85,0,63,0,Aggressive,18,0,1,0,0
543,62,Low,Rocket Grunt,24,0,38,0,Unpredictable,6,0,1,0,0
544,15,Middle,Underground Battler,79,0,47,0,Unpredictable,5,0,1,0,0
545,50,Low,Daycare Worker,93,0,29,0,Unpredictable,4,0,1,0,0
546,36,High,Underground Battler,53,0,20,0,Aggressive,16,0,1,0,0
547,57,Low,Black Market Dealer,11,0,52,0,Unpredictable,24,0,1,0,0
548,38,Middle,Nurse,45,0,89,0,Aggressive,25,1,0,1,1
549,49,Middle,Black Market Dealer,15,0,49,0,Defensive,16,0,0,1,0
550,52,Middle,Casino Worker,26,0,80,0,Unpredictable,3,0,1,0,0
551,21,Middle,Underground Battler,71,0,60,0,Unpredictable,10,0,1,0,0
552,51,Middle,Biker,53,0,72,0,Defensive,23,0,1,0,0
553,50,Middle,Gym Leader Assistant,87,0,29,0,Unpredictable,13,0,1,0,0
554,51,Low,Breeder,60,0,68,0,Aggressive,12,0,1,0,0
555,62,Middle,Biker,88,1,73,0,Aggressive,27,1,0,1,1
556,31,Middle,Gym Leader Assistant,88,0,21,0,Defensive,6,0,1,0,0
557,43,Low,Champion,62,0,41,0,Aggressive,18,0,1,0,0
558,69,Low,Biker,94,0,50,0,Defensive,12,0,0,1,1
559,56,Low,Rocket Grunt,23,1,86,0,Unpredictable,20,1,1,1,1
560,66,Low,Scientist,17,0,85,0,Defensive,23,0,1,0,0
561,53,Middle,Scientist,73,0,73,0,Aggressive,5,0,1,0,0
562,48,Low,Fisherman,11,0,71,0,Unpredictable,19,0,1,0,0
563,46,Low,Casino Worker,90,0,55,0,Defensive,25,0,1,0,0
564,59,Middle,Elite Trainer,34,1,74,0,Unpredictable,14,1,0,1,1
565,20,Low,Rocket Grunt,66,0,49,0,Aggressive,4,0,1,0,0
566,29,High,Black Market Dealer,68,0,67,0,Defensive,17,0,1,0,0
567,35,Middle,Researcher,47,0,56,0,Defensive,25,0,1,0,0
568,67,Middle,Casino Worker,80,0,27,0,Aggressive,2,0,1,0,0
569,32,Middle,Rocket Grunt,72,0,53,0,Aggressive,7,0,1,0,0
570,24,Low,Black Market Dealer,47,1,49,0,Defensive,20,0,0,1,1
571,58,Middle,Underground Battler,79,0,58,0,Aggressive,9,0,1,0,0
572,43,Low,PokéMart Seller,74,0,21,0,Defensive,0,0,1,0,0
573,58,High,Underground Battler,98,0,68,0,Unpredictable,16,0,1,0,0
574,18,Middle,Police Officer,7,0,67,0,Defensive,2,0,1,0,0
575,44,Middle,Champion,42,0,32,0,Aggressive,6,0,1,0,0
576,56,High,PokéMart Seller,14,0,83,0,Unpredictable,12,0,1,0,0
577,16,High,Champion,11,0,49,0,Aggressive,6,0,1,0,0
578,60,High,Black Market Dealer,23,0,83,0,Defensive,20,0,1,1,1
579,59,High,Champion,44,0,59,0,Aggressive,12,0,1,0,0
580,13,High,Fisherman,52,0,71,0,Unpredictable,11,0,1,0,0
581,16,High,PokéMart Seller,7,0,58,0,Aggressive,24,1,0,1,1
582,46,Middle,Gym Leader Assistant,41,0,69,0,Unpredictable,24,0,1,0,0
583,57,Middle,Gym Leader Assistant,60,0,43,0,Defensive,21,0,1,0,0
584,32,Middle,Breeder,53,0,83,0,Unpredictable,18,0,1,0,0
585,43,Middle,Underground Battler,96,0,26,0,Defensive,23,0,1,0,0
586,44,High,Fisherman,30,0,80,0,Defensive,3,0,1,0,0
587,28,Middle,Black Market Dealer,35,0,58,0,Unpredictable,10,0,1,0,0
588,52,Low,Scientist,52,0,73,0,Aggressive,24,0,1,0,0
589,37,Low,Fisherman,57,0,38,0,Defensive,9,0,1,0,0
590,47,Low,Gym Leader Assistant,33,0,44,0,Aggressive,18,0,1,0,0
591,35,Middle,Elite Trainer,15,0,82,0,Aggressive,22,0,1,0,0
592,12,Middle,Nurse,32,0,47,0,Defensive,5,0,1,0,0
593,49,Middle,Underground Battler,64,0,46,0,Defensive,22,0,1,0,0
594,66,Middle,Rocket Grunt,78,0,84,0,Defensive,3,0,1,0,0
595,44,High,Gym Leader Assistant,79,0,51,0,Aggressive,22,0,1,0,0
596,33,High,Researcher,75,0,53,0,Defensive,2,0,1,0,0
597,26,Middle,Champion,6,0,59,0,Defensive,29,0,1,1,0
598,15,Middle,Underground Battler,17,0,24,0,Unpredictable,7,0,1,0,0
599,68,Middle,Fisherman,87,0,45,0,Aggressive,11,0,0,1,1
600,67,High,PokéMart Seller,57,0,37,0,Unpredictable,4,0,1,0,0
601,70,Low,Underground Battler,86,0,30,0,Defensive,12,0,1,0,0
602,51,Middle,Casino Worker,53,0,24,0,Unpredictable,20,0,1,0,0
603,60,Middle,Rocket Grunt,21,1,57,0,Unpredictable,16,1,0,1,1
604,66,Middle,PokéMart Seller,47,0,69,0,Aggressive,11,0,1,0,0
605,14,Middle,Daycare Worker,93,0,80,0,Unpredictable,2,0,1,0,0
606,58,Middle,Underground Battler,23,0,56,0,Aggressive,16,1,1,1,1
607,39,Middle,Elite Trainer,34,0,85,0,Aggressive,8,1,1,1,1
608,57,Low,Elite Trainer,22,0,26,0,Defensive,14,0,1,0,0
609,62,Low,Nurse,36,0,37,0,Aggressive,23,0,1,0,0
610,64,High,Elite Trainer,99,0,56,0,Unpredictable,4,0,1,0,0
611,50,Low,Researcher,90,0,44,0,Aggressive,12,0,1,0,0
612,57,High,Biker,99,0,25,0,Unpredictable,5,0,1,0,0
613,70,Low,Elite Trainer,71,0,50,0,Unpredictable,23,0,1,0,0
614,28,Low,Gym Leader Assistant,20,0,71,0,Unpredictable,3,0,1,0,0
615,15,Middle,Breeder,38,0,85,0,Defensive,11,0,1,0,0
616,34,Middle,Elite Trainer,42,0,58,0,Defensive,13,0,1,0,0
617,60,High,Researcher,54,0,73,0,Defensive,3,0,1,0,0
618,45,Middle,Casino Worker,66,0,57,0,Unpredictable,7,0,0,1,1
619,56,High,Underground Battler,54,0,40,0,Defensive,9,0,1,0,0
620,37,High,Nurse,5,0,64,0,Unpredictable,5,0,1,0,0
621,50,Middle,Fisherman,10,0,42,0,Defensive,14,0,1,0,0
622,14,High,PokéMart Seller,90,0,61,0,Unpredictable,23,0,1,0,0
623,66,Low,Breeder,70,1,44,0,Aggressive,24,1,0,1,0
624,37,High,Underground Battler,39,0,73,0,Defensive,14,0,1,0,0
625,48,Middle,Police Officer,80,0,65,0,Unpredictable,7,0,1,0,0
626,41,Middle,Police Officer,53,0,20,0,Defensive,16,0,1,0,0
627,46,Middle,Daycare Worker,55,0,71,0,Aggressive,18,0,1,0,0
628,32,Low,PokéMart Seller,48,0,65,0,Aggressive,9,0,1,0,0
629,18,Low,Rocket Grunt,14,0,32,0,Defensive,13,0,1,0,0
630,55,Low,Champion,90,0,56,0,Defensive,19,0,1,0,0
631,66,Middle,Researcher,71,0,28,0,Unpredictable,13,0,1,0,0
632,18,Low,Breeder,100,1,43,0,Aggressive,7,1,0,1,1
633,34,Middle,Black Market Dealer,6,0,85,0,Unpredictable,4,0,1,0,0
634,64,Low,PokéMart Seller,15,0,79,0,Unpredictable,10,0,1,0,0
635,51,Middle,Daycare Worker,33,0,49,0,Unpredictable,11,0,1,0,0
636,68,Middle,Researcher,9,0,36,0,Aggressive,22,0,1,0,0
637,70,High,Fisherman,71,0,70,0,Aggressive,22,0,1,0,0
638,11,Low,Breeder,76,0,52,0,Aggressive,4,0,0,1,1
639,59,Middle,Gym Leader Assistant,41,0,58,0,Unpredictable,12,0,1,0,0
640,37,Middle,Daycare Worker,88,0,72,0,Aggressive,21,0,1,0,0
641,44,Middle,Underground Battler,21,0,40,0,Defensive,20,0,1,0,0
642,20,Middle,Champion,41,1,41,0,Aggressive,24,0,0,1,1
643,61,Low,Gym Leader Assistant,17,0,84,0,Unpredictable,24,0,1,0,0
644,66,High,Rocket Grunt,56,0,52,0,Unpredictable,13,0,1,0,0
645,61,Low,Champion,9,0,64,0,Defensive,7,0,1,0,0
646,14,Middle,Gym Leader Assistant,18,0,49,0,Unpredictable,17,0,1,0,0
647,65,Middle,Police Officer,18,0,34,0,Defensive,2,0,1,0,0
648,59,Middle,Daycare Worker,7,0,83,0,Unpredictable,11,0,1,0,0
649,53,Low,Gym Leader Assistant,21,0,73,0,Defensive,22,0,1,0,0
650,50,Middle,Police Officer,83,0,34,0,Defensive,14,0,1,0,0
651,32,Middle,Biker,17,0,44,0,Aggressive,16,0,1,0,0
652,30,High,Casino Worker,78,1,33,0,Defensive,9,0,0,1,1
653,21,Low,Casino Worker,48,0,59,0,Unpredictable,4,0,1,0,0
654,70,Middle,Researcher,44,0,51,0,Unpredictable,9,0,1,0,0
655,64,Middle,Champion,85,0,65,0,Defensive,2,0,1,0,0
656,62,High,Underground Battler,10,0,34,0,Defensive,17,0,1,0,0
657,21,Middle,Scientist,76,0,62,0,Defensive,8,0,1,0,0
658,10,Low,Researcher,19,0,75,0,Defensive,18,0,1,0,0
659,70,Low,PokéMart Seller,70,0,85,0,Unpredictable,14,0,1,0,0
660,54,High,Daycare Worker,55,0,62,0,Defensive,6,0,1,0,0
661,51,Middle,Rocket Grunt,39,0,51,0,Aggressive,6,0,1,0,0
662,61,Middle,Biker,37,0,41,0,Unpredictable,26,1,0,1,1
663,11,High,Champion,55,0,23,0,Unpredictable,18,0,1,0,0
664,31,Middle,Underground Battler,57,0,28,0,Unpredictable,8,0,1,0,0
665,62,Low,Underground Battler,45,0,85,0,Defensive,19,1,0,1,1
666,31,High,Elite Trainer,15,0,52,0,Unpredictable,8,0,1,0,0
667,63,Low,Underground Battler,41,0,24,0,Unpredictable,25,0,1,0,0
668,50,Low,Nurse,27,0,39,0,Unpredictable,18,0,1,0,0
669,46,Middle,Fisherman,84,0,83,0,Unpredictable,25,1,0,1,1
670,22,Low,Elite Trainer,24,0,81,0,Aggressive,18,0,1,0,0
671,63,Middle,Researcher,80,1,63,0,Defensive,28,1,0,1,1
672,52,Low,Breeder,34,0,31,0,Aggressive,6,0,1,0,0
673,26,High,Biker,42,0,45,0,Defensive,17,0,1,0,0
674,10,High,Fisherman,66,0,85,0,Unpredictable,16,0,1,0,0
675,15,Low,Gym Leader Assistant,39,0,78,0,Aggressive,21,0,1,0,0
676,23,Low,Rocket Grunt,56,0,20,0,Aggressive,1,0,1,0,0
677,10,Middle,Gym Leader Assistant,79,0,54,0,Unpredictable,24,0,1,0,0
678,33,Low,Daycare Worker,14,0,65,1,Unpredictable,26,0,0,1,1
679,13,Low,Champion,67,0,57,0,Aggressive,3,0,1,0,0
680,52,Middle,PokéMart Seller,63,0,70,0,Aggressive,6,1,1,1,0
681,18,Low,Biker,59,0,36,0,Aggressive,5,0,1,0,0
682,18,Middle,Scientist,55,0,66,0,Defensive,23,0,1,0,0
683,51,Middle,Underground Battler,65,0,58,0,Aggressive,15,0,1,0,0
684,11,Middle,Biker,33,0,45,0,Unpredictable,3,0,1,0,0
685,33,Middle,Fisherman,60,0,64,0,Defensive,4,0,1,0,0
686,21,Low,Rocket Grunt,11,0,51,0,Aggressive,18,0,1,0,0
687,55,Low,Researcher,25,0,45,0,Defensive,1,0,1,0,0
688,34,Middle,Rocket Grunt,14,0,51,0,Aggressive,22,0,1,0,0
689,35,Low,Rocket Grunt,7,0,48,0,Defensive,22,1,1,1,1
690,60,Middle,Breeder,98,0,26,0,Aggressive,15,0,1,0,0
691,57,Low,Biker,46,0,66,0,Aggressive,4,0,1,0,0
692,68,Low,Gym Leader Assistant,58,0,74,0,Aggressive,15,0,1,0,0
693,39,Low,Champion,5,0,37,0,Defensive,7,0,1,0,0
694,10,Low,Elite Trainer,16,0,46,0,Aggressive,24,0,1,0,0
695,32,Middle,Researcher,71,1,81,1,Unpredictable,3,1,0,1,1
696,16,Middle,Scientist,27,0,49,0,Unpredictable,18,0,1,0,0
697,25,Middle,Champion,10,0,33,0,Unpredictable,10,0,1,0,0
698,52,Middle,Casino Worker,74,0,57,0,Defensive,18,0,1,0,0
699,41,Low,Underground Battler,14,0,33,0,Defensive,16,0,1,0,0
700,38,Low,Breeder,43,0,49,0,Defensive,16,0,1,0,0
701,54,Low,Elite Trainer,7,0,57,0,Aggressive,23,0,1,0,0
702,23,Middle,Breeder,17,0,86,0,Defensive,4,0,0,1,1
703,52,Middle,Black Market Dealer,20,0,61,0,Defensive,4,0,1,0,0
704,53,Low,Casino Worker,9,0,79,0,Unpredictable,3,0,1,0,0
705,32,Low,Champion,39,0,24,0,Unpredictable,14,0,1,0,0
706,29,Low,Fisherman,97,0,37,0,Unpredictable,23,0,1,0,0
707,10,High,PokéMart Seller,33,0,44,0,Unpredictable,5,0,1,0,0
708,10,High,Champion,86,0,56,0,Defensive,0,0,1,0,0
709,33,Middle,Police Officer,68,0,41,0,Defensive,26,0,1,1,1
710,42,Low,Casino Worker,46,0,69,0,Unpredictable,6,0,1,0,0
711,53,High,Biker,9,0,58,0,Unpredictable,11,0,1,0,0
712,30,Middle,Black Market Dealer,67,0,36,0,Unpredictable,22,0,1,0,0
713,36,Low,Police Officer,30,0,39,0,Unpredictable,3,0,1,0,0
714,47,Middle,Underground Battler,71,0,33,0,Defensive,20,0,1,0,0
715,65,High,Elite Trainer,36,0,47,0,Aggressive,20,0,1,0,0
716,58,Low,Champion,62,0,35,0,Unpredictable,11,0,1,0,0
717,33,Low,Biker,47,0,82,0,Defensive,8,0,1,0,0
718,68,High,Daycare Worker,62,0,55,0,Aggressive,6,1,0,1,1
719,30,Middle,Fisherman,68,0,40,0,Defensive,16,0,1,0,0
720,46,Low,Underground Battler,24,0,57,0,Unpredictable,23,0,1,0,0
721,38,Low,Champion,94,0,76,0,Unpredictable,6,0,1,0,0
722,19,Middle,Black Market Dealer,82,0,43,0,Unpredictable,22,1,0,1,1
723,55,Low,Casino Worker,45,0,32,0,Defensive,0,0,1,0,0
724,61,Low,Fisherman,33,1,42,0,Aggressive,27,1,0,1,0
725,22,Low,Elite Trainer,54,1,31,0,Unpredictable,29,1,0,1,1
726,22,Low,Gym Leader Assistant,33,0,44,0,Unpredictable,7,0,1,0,0
727,41,Middle,Police Officer,74,0,27,0,Defensive,20,0,1,0,0
728,68,Middle,Black Market Dealer,39,0,85,0,Defensive,20,0,1,0,0
729,14,Middle,Underground Battler,76,0,32,0,Unpredictable,7,0,1,0,0
730,36,Middle,Daycare Worker,63,0,33,0,Defensive,9,0,1,0,0
731,53,Low,Scientist,58,0,52,0,Aggressive,13,0,1,0,0
732,60,Middle,Gym Leader Assistant,74,0,61,0,Unpredictable,2,0,1,0,0
733,57,Low,Scientist,89,0,70,0,Unpredictable,0,0,1,0,0
734,28,Low,Scientist,52,0,61,0,Unpredictable,5,0,1,0,0
735,69,High,Gym Leader Assistant,10,0,56,0,Unpredictable,13,0,1,0,0
736,20,Middle,Nurse,53,0,64,0,Defensive,22,0,1,0,0
737,33,Middle,Daycare Worker,92,0,27,0,Unpredictable,20,0,1,0,0
738,55,Low,Elite Trainer,45,0,80,0,Aggressive,1,0,1,0,0
739,23,Middle,Breeder,11,0,53,0,Aggressive,1,0,1,0,0
740,43,Middle,Gym Leader Assistant,94,0,58,0,Unpredictable,24,0,1,0,0
741,45,Middle,Fisherman,89,0,77,1,Defensive,16,0,0,1,1
742,44,Low,Casino Worker,36,0,78,0,Defensive,25,0,1,0,0
743,12,Middle,Scientist,37,0,38,0,Defensive,1,0,1,0,0
744,33,Middle,Fisherman,23,1,72,0,Defensive,18,1,0,1,1
745,23,Middle,Elite Trainer,23,0,45,0,Unpredictable,23,0,1,0,0
746,36,High,Champion,98,0,66,0,Aggressive,19,0,1,0,0
747,29,High,Champion,30,0,45,0,Aggressive,1,0,1,0,0
748,28,Middle,Casino Worker,78,0,50,0,Aggressive,8,0,1,0,0
749,39,Middle,Elite Trainer,9,0,70,0,Aggressive,5,0,1,0,0
750,48,Middle,Scientist,25,1,71,0,Unpredictable,20,0,0,1,1
751,52,Middle,Black Market Dealer,97,0,72,0,Defensive,4,0,1,0,0
752,48,Low,Researcher,63,0,52,0,Unpredictable,7,0,1,0,0
753,21,Low,Black Market Dealer,16,0,62,0,Unpredictable,11,0,0,1,0
754,28,High,PokéMart Seller,57,0,51,0,Aggressive,15,0,1,0,0
755,60,Low,PokéMart Seller,63,0,83,0,Unpredictable,2,0,1,0,0
756,57,High,Researcher,71,0,80,0,Defensive,10,0,1,0,0
757,48,Middle,Black Market Dealer,48,0,55,0,Unpredictable,23,0,1,0,0
758,70,High,Elite Trainer,10,0,65,0,Unpredictable,14,0,1,0,0
759,47,Low,Underground Battler,73,0,25,0,Defensive,5,0,1,0,0
760,50,Low,Researcher,75,0,43,0,Unpredictable,25,0,1,0,0
761,32,Middle,Casino Worker,38,0,52,0,Unpredictable,22,0,0,1,1
762,23,Low,Nurse,58,0,76,0,Defensive,9,0,1,0,0
763,27,Low,Researcher,49,0,66,0,Unpredictable,11,0,1,0,0
764,25,Low,Daycare Worker,7,0,82,0,Aggressive,24,0,1,0,0
765,51,Low,Underground Battler,7,0,62,0,Aggressive,7,0,1,0,0
766,69,Middle,Daycare Worker,76,0,23,0,Defensive,6,0,1,0,0
767,56,Middle,Fisherman,61,0,51,0,Aggressive,5,0,1,0,0
768,70,Middle,Underground Battler,59,0,21,0,Aggressive,7,0,1,0,0
769,58,Low,Gym Leader Assistant,48,0,37,0,Aggressive,14,0,1,0,0
770,27,Middle,Elite Trainer,36,1,46,0,Aggressive,14,0,0,1,0
771,23,Low,Breeder,20,0,85,0,Defensive,6,0,1,0,0
772,52,Low,Black Market Dealer,47,0,87,1,Unpredictable,18,0,1,1,1
773,29,Middle,Gym Leader Assistant,37,0,63,0,Aggressive,22,0,1,0,0
774,49,Middle,Gym Leader Assistant,15,1,35,0,Unpredictable,4,1,0,1,1
775,15,Low,Daycare Worker,84,1,39,0,Defensive,30,0,1,1,1
776,48,Middle,Fisherman,37,0,24,0,Defensive,6,0,1,0,0
777,52,Middle,Champion,73,0,53,0,Defensive,21,0,1,0,0
778,28,Middle,Scientist,65,0,74,0,Defensive,12,0,1,0,0
779,52,Low,Fisherman,29,0,71,0,Aggressive,19,0,1,0,0
780,55,High,Scientist,39,1,80,0,Unpredictable,12,1,0,1,1
781,65,Low,PokéMart Seller,89,0,46,0,Unpredictable,8,0,1,0,0
782,17,Middle,Gym Leader Assistant,19,0,32,0,Unpredictable,19,0,1,0,0
783,42,Middle,Nurse,50,1,42,0,Aggressive,4,0,1,1,1
784,53,Middle,Daycare Worker,34,0,82,0,Unpredictable,9,0,1,0,0
785,13,Middle,Breeder,52,0,30,0,Defensive,7,0,1,0,0
786,13,Middle,Police Officer,23,0,72,0,Aggressive,0,0,1,0,0
787,54,Low,Biker,16,0,81,0,Defensive,2,0,1,0,0
788,20,Middle,Casino Worker,60,0,65,0,Defensive,13,0,1,0,0
789,60,Low,Casino Worker,99,0,21,0,Unpredictable,9,0,1,0,0
790,22,Low,Biker,89,0,70,0,Aggressive,0,0,1,0,0
791,13,High,Daycare Worker,99,0,23,0,Aggressive,2,0,1,0,0
792,17,High,Researcher,86,0,41,0,Unpredictable,17,0,1,0,0
793,51,Middle,Casino Worker,79,0,50,0,Defensive,10,0,1,0,0
794,62,Low,Fisherman,30,0,54,0,Defensive,23,0,1,0,0
795,32,Low,Black Market Dealer,36,0,35,0,Aggressive,21,0,1,0,0
796,46,Middle,Scientist,61,0,36,0,Aggressive,4,0,1,0,0
797,14,Low,Nurse,12,0,32,0,Defensive,2,0,1,0,0
798,17,High,Black Market Dealer,69,0,53,0,Defensive,3,0,1,0,0
799,10,Middle,Scientist,8,0,68,0,Unpredictable,20,0,1,0,0
800,64,Middle,Researcher,85,0,58,0,Aggressive,23,0,1,0,0
801,11,Middle,Scientist,26,0,50,0,Unpredictable,17,0,1,0,0
802,69,Middle,Scientist,22,0,30,0,Aggressive,17,0,1,0,0
803,26,Middle,Elite Trainer,52,0,38,0,Defensive,1,0,1,0,0
804,13,Middle,Breeder,38,0,73,1,Unpredictable,16,1,1,1,1
805,56,High,Breeder,14,0,33,0,Defensive,23,0,1,0,0
806,31,Low,Fisherman,87,0,47,0,Aggressive,3,0,1,0,0
807,60,High,PokéMart Seller,31,1,77,0,Unpredictable,14,1,0,1,1
808,10,Middle,Breeder,55,0,53,0,Unpredictable,22,0,1,0,0
809,18,Middle,Champion,23,0,70,0,Defensive,12,0,1,0,0
810,56,Low,Nurse,78,0,39,0,Aggressive,12,0,1,1,0
811,47,Low,Breeder,86,0,44,0,Defensive,19,0,0,1,1
812,38,Middle,Breeder,76,0,70,0,Unpredictable,23,1,0,1,1
813,64,Middle,Police Officer,88,0,57,0,Aggressive,7,0,1,0,0
814,32,Middle,Black Market Dealer,25,0,21,0,Unpredictable,19,0,1,0,0
815,56,Middle,Gym Leader Assistant,13,0,34,0,Unpredictable,19,0,1,0,0
816,70,High,Police Officer,21,0,53,0,Defensive,22,0,1,0,0
817,43,Middle,Black Market Dealer,17,0,40,0,Aggressive,5,0,1,1,1
818,50,Middle,Underground Battler,64,0,66,0,Aggressive,24,0,1,0,0
819,67,Low,Scientist,75,0,58,0,Unpredictable,20,0,1,0,0
820,11,Middle,Nurse,90,0,85,0,Aggressive,5,0,1,0,0
821,23,Middle,Casino Worker,34,1,57,0,Aggressive,8,1,0,1,1
822,57,Middle,Biker,77,0,57,0,Aggressive,16,0,1,0,0
823,16,Middle,Daycare Worker,76,0,57,0,Aggressive,29,0,1,1,1
824,13,Middle,Gym Leader Assistant,27,0,77,0,Aggressive,25,0,1,0,0
825,65,Middle,Gym Leader Assistant,11,0,68,0,Unpredictable,11,0,1,0,0
826,20,Low,Casino Worker,27,0,29,0,Aggressive,5,0,1,0,0
827,60,Middle,Elite Trainer,44,0,49,0,Aggressive,10,0,1,0,0
828,57,Middle,Fisherman,36,0,63,0,Defensive,6,0,1,0,0
829,22,Low,Police Officer,37,1,37,0,Defensive,13,1,0,1,1
830,45,Low,Gym Leader Assistant,9,0,21,0,Defensive,15,0,1,0,0
831,18,Low,Biker,80,0,36,0,Unpredictable,11,0,1,0,0
832,53,Middle,Underground Battler,52,0,29,0,Unpredictable,18,0,1,0,0
833,55,Low,Champion,45,1,43,0,Aggressive,23,1,0,1,0
834,50,Low,Nurse,5,0,64,0,Defensive,2,0,1,0,0
835,18,Low,Rocket Grunt,98,0,72,0,Unpredictable,8,0,1,0,0
836,40,Middle,Police Officer,79,0,79,0,Defensive,23,0,1,0,0
837,22,Low,Casino Worker,100,0,63,0,Aggressive,4,0,1,0,0
838,49,Low,Casino Worker,54,0,63,0,Defensive,16,0,1,0,0
839,35,Middle,Breeder,41,0,45,0,Unpredictable,10,0,1,0,0
840,13,Middle,Biker,66,0,55,0,Defensive,19,0,1,0,0
841,60,Middle,Police Officer,47,0,62,0,Unpredictable,9,0,1,0,0
842,54,Middle,Police Officer,23,0,27,0,Aggressive,15,0,1,0,0
843,21,Middle,Researcher,66,0,46,0,Aggressive,20,0,1,0,0
844,28,Middle,Researcher,55,0,65,0,Defensive,15,0,1,0,0
845,28,Low,Underground Battler,30,0,56,0,Aggressive,17,0,1,0,0
846,67,Middle,Researcher,29,0,31,0,Unpredictable,23,0,1,0,0
847,14,Low,Casino Worker,87,0,49,0,Defensive,15,0,1,0,0
848,19,Middle,PokéMart Seller,72,0,27,0,Aggressive,6,0,1,0,0
849,32,High,Fisherman,70,0,69,0,Aggressive,9,0,1,0,0
850,35,Middle,Police Officer,41,0,38,0,Defensive,8,0,1,0,0
851,26,Middle,Underground Battler,73,1,74,0,Unpredictable,24,0,0,1,1
852,59,Low,Casino Worker,69,0,33,0,Defensive,1,0,1,0,0
853,34,Low,Biker,26,0,37,0,Unpredictable,15,0,1,0,0
854,64,Middle,Researcher,73,0,27,0,Aggressive,5,0,1,0,0
855,36,Middle,Underground Battler,21,0,76,0,Aggressive,26,0,1,1,0
856,32,Middle,Police Officer,35,0,55,0,Unpredictable,3,0,1,0,0
857,60,High,Elite Trainer,5,0,27,0,Defensive,25,0,1,0,0
858,46,Middle,Police Officer,53,1,41,0,Defensive,29,0,0,1,1
859,65,Middle,Daycare Worker,51,0,81,0,Defensive,9,0,1,0,0
860,38,High,Elite Trainer,30,0,33,0,Aggressive,21,0,1,0,0
861,10,Middle,Daycare Worker,19,0,44,0,Defensive,10,1,0,1,1
862,32,High,Casino Worker,46,0,75,0,Unpredictable,13,0,1,0,0
863,46,Low,Elite Trainer,12,0,71,0,Defensive,7,0,1,0,0
864,22,Low,Fisherman,26,0,65,0,Aggressive,2,0,1,0,0
865,44,Middle,Champion,43,0,27,0,Aggressive,24,0,1,0,0
866,22,Low,Biker,13,0,43,0,Aggressive,13,0,1,0,0
867,29,Middle,Daycare Worker,87,0,49,0,Unpredictable,18,0,1,0,0
868,29,Low,Casino Worker,63,0,46,0,Unpredictable,8,0,1,0,0
869,64,Middle,Police Officer,24,0,65,0,Defensive,3,0,1,0,0
870,59,Middle,Nurse,75,0,54,0,Defensive,11,1,0,1,1
871,39,Middle,Scientist,23,0,57,0,Defensive,5,0,1,0,0
872,18,Middle,Rocket Grunt,85,0,66,0,Unpredictable,11,0,1,0,0
873,31,Middle,Daycare Worker,44,0,42,0,Defensive,23,0,1,0,0
874,14,Middle,Police Officer,14,0,46,0,Unpredictable,3,0,1,0,0
875,59,Middle,Rocket Grunt,28,0,70,0,Unpredictable,25,0,1,0,0
876,55,Middle,Rocket Grunt,91,0,73,0,Unpredictable,5,0,1,0,0
877,14,High,PokéMart Seller,94,0,58,0,Defensive,24,0,1,0,0
878,17,Middle,Nurse,64,0,43,0,Defensive,24,0,1,0,0
879,21,Middle,Biker,51,0,49,0,Defensive,11,0,1,0,0
880,66,Low,Daycare Worker,95,0,33,0,Aggressive,3,0,1,0,0
881,68,Low,Researcher,39,0,49,0,Unpredictable,7,0,1,0,0
882,18,High,Daycare Worker,13,0,44,0,Unpredictable,0,0,1,0,0
883,17,Low,Breeder,43,0,73,0,Defensive,20,0,1,0,0
884,44,Low,Underground Battler,35,0,38,0,Defensive,24,0,1,0,0
885,16,Low,Casino Worker,84,0,72,0,Unpredictable,6,0,1,0,0
886,29,Low,Police Officer,60,0,52,0,Defensive,21,0,1,0,0
887,17,Middle,Champion,48,0,35,0,Aggressive,10,0,0,1,1
888,40,Middle,Scientist,40,0,85,0,Unpredictable,20,0,1,0,0
889,60,Middle,Biker,95,0,54,0,Unpredictable,0,0,1,0,0
890,17,Low,PokéMart Seller,11,0,64,0,Defensive,7,0,1,0,0
891,45,Middle,Underground Battler,27,0,58,0,Unpredictable,12,0,1,0,0
892,37,Low,Casino Worker,53,0,41,0,Unpredictable,8,0,1,0,0
893,14,Low,Biker,62,0,74,0,Unpredictable,11,0,1,0,0
894,13,High,Nurse,94,0,81,0,Unpredictable,10,0,1,0,0
895,38,Middle,Underground Battler,66,0,31,0,Defensive,17,0,1,0,0
896,61,Low,Champion,79,0,58,0,Defensive,10,0,1,0,0
897,23,Low,Police Officer,46,0,21,0,Aggressive,14,0,1,0,0
898,11,Middle,Underground Battler,28,0,70,0,Aggressive,24,0,1,0,0
899,49,Middle,Underground Battler,38,0,48,0,Aggressive,8,0,1,0,0
900,68,Low,Rocket Grunt,60,0,57,0,Aggressive,18,0,1,0,0
901,28,Middle,Nurse,83,0,46,0,Defensive,11,0,1,0,0
902,53,High,Gym Leader Assistant,70,0,54,0,Aggressive,12,0,1,0,0
903,46,High,Breeder,28,0,27,0,Aggressive,17,0,1,0,0
904,65,Middle,Rocket Grunt,89,0,81,0,Aggressive,20,0,1,0,0
905,43,Middle,Champion,34,0,28,0,Aggressive,3,0,1,0,0
906,19,Middle,Underground Battler,28,0,57,0,Unpredictable,30,1,0,1,1
907,28,Middle,Underground Battler,82,1,42,0,Unpredictable,5,1,0,1,1
908,48,Low,Gym Leader Assistant,59,0,65,0,Unpredictable,24,0,1,0,0
909,44,High,Scientist,16,0,34,0,Unpredictable,18,0,1,0,0
910,17,Middle,Fisherman,50,0,74,0,Defensive,6,0,1,0,0
911,23,Middle,Police Officer,66,0,22,0,Unpredictable,11,0,1,0,0
912,66,High,Elite Trainer,96,0,28,0,Defensive,12,0,1,0,0
913,68,Middle,Gym Leader Assistant,79,0,25,0,Unpredictable,16,0,1,0,0
914,18,High,Elite Trainer,100,1,42,0,Unpredictable,4,0,0,1,1
915,32,Low,Champion,96,0,23,0,Unpredictable,18,0,1,0,0
916,15,Middle,Black Market Dealer,56,0,63,0,Defensive,5,0,1,0,0
917,51,High,Daycare Worker,47,0,30,0,Aggressive,0,0,1,0,0
918,22,Low,Black Market Dealer,93,0,74,0,Unpredictable,3,0,0,1,1
919,17,High,Champion,41,0,35,0,Unpredictable,17,0,1,0,0
920,42,Middle,Scientist,30,1,45,0,Unpredictable,15,0,0,1,1
921,43,Middle,Researcher,43,0,50,0,Defensive,16,0,1,0,0
922,69,Low,Researcher,92,0,58,0,Defensive,19,0,1,0,0
923,30,Low,Police Officer,45,0,44,0,Defensive,19,0,1,1,1
924,17,High,Scientist,64,0,75,0,Unpredictable,3,0,1,0,0
925,70,Middle,Underground Battler,13,0,66,0,Aggressive,21,0,1,0,0
926,22,Low,Casino Worker,60,0,73,0,Aggressive,17,0,1,0,0
927,66,Middle,Black Market Dealer,25,0,65,0,Unpredictable,11,0,1,0,0
928,27,Low,Police Officer,11,0,25,0,Defensive,15,0,1,0,0
929,51,High,Biker,59,0,52,0,Defensive,11,0,1,0,0
930,34,Middle,Researcher,52,0,62,0,Unpredictable,13,0,1,0,0
931,11,Low,Rocket Grunt,38,0,48,0,Unpredictable,4,1,0,1,0
932,22,High,Daycare Worker,50,0,73,0,Defensive,7,0,1,0,0
933,66,Middle,Black Market Dealer,78,1,87,0,Unpredictable,30,1,1,1,1
934,20,Middle,Rocket Grunt,34,0,76,0,Aggressive,22,0,1,0,0
935,18,High,Elite Trainer,14,0,33,0,Defensive,6,0,1,0,0
936,66,Low,Underground Battler,56,0,77,0,Aggressive,11,0,1,0,0
937,58,Middle,Gym Leader Assistant,22,0,63,0,Defensive,8,0,1,1,1
938,55,High,Biker,94,0,63,0,Aggressive,1,0,1,0,0
939,48,Middle,PokéMart Seller,17,0,24,0,Aggressive,8,0,1,0,0
940,66,Middle,Police Officer,45,0,50,0,Aggressive,3,0,1,0,0
941,25,Middle,Daycare Worker,55,0,75,0,Defensive,16,0,1,0,0
942,51,Low,PokéMart Seller,41,0,60,0,Defensive,11,0,1,0,0
943,45,Middle,Gym Leader Assistant,7,0,60,0,Unpredictable,11,0,1,0,0
944,21,Low,Casino Worker,42,0,73,0,Aggressive,1,0,1,0,0
945,57,Low,Gym Leader Assistant,56,0,43,0,Defensive,12,0,1,0,0
946,35,Middle,Rocket Grunt,27,0,25,0,Aggressive,6,0,1,0,0
947,14,Low,Underground Battler,8,0,47,0,Unpredictable,5,0,1,0,0
948,48,Middle,Gym Leader Assistant,70,0,39,0,Unpredictable,17,1,1,1,0
949,13,Low,Gym Leader Assistant,25,0,62,0,Aggressive,24,0,1,0,0
950,67,Middle,Black Market Dealer,90,0,44,0,Unpredictable,19,0,1,0,0
951,35,Low,Researcher,53,0,60,0,Unpredictable,22,1,1,1,1
952,24,Middle,Elite Trainer,71,0,75,0,Defensive,14,0,1,0,0
953,30,Middle,Biker,8,0,66,0,Aggressive,9,0,1,0,0
954,63,Low,Underground Battler,52,0,44,0,Aggressive,5,0,1,0,0
955,64,Low,Champion,66,0,25,0,Aggressive,3,0,1,0,0
956,20,Middle,Scientist,62,0,74,0,Defensive,15,0,1,0,0
957,29,High,Breeder,51,1,42,0,Aggressive,23,0,0,1,1
958,65,Middle,Breeder,40,0,59,0,Defensive,15,0,1,0,0
959,37,Low,PokéMart Seller,78,0,66,0,Defensive,8,0,1,0,0
960,41,Middle,Champion,56,0,74,0,Defensive,8,0,1,0,0
961,19,High,Elite Trainer,64,0,62,1,Aggressive,20,0,0,1,0
962,56,Middle,Fisherman,59,0,35,0,Aggressive,9,0,1,0,0
963,49,Middle,PokéMart Seller,23,0,61,0,Aggressive,10,0,1,0,0
964,53,Middle,Casino Worker,43,0,56,0,Aggressive,25,0,0,1,0
965,51,High,Police Officer,42,0,22,0,Defensive,17,0,1,0,0
966,67,Middle,Police Officer,54,0,37,0,Aggressive,13,0,1,0,0
967,65,Low,Daycare Worker,67,1,43,0,Defensive,30,0,1,1,1
968,21,Middle,Gym Leader Assistant,30,0,32,0,Aggressive,11,0,1,1,0
969,52,Low,Researcher,61,0,68,0,Unpredictable,10,1,0,1,1
970,29,Middle,Fisherman,14,1,66,0,Defensive,18,0,0,1,1
971,58,Middle,Biker,53,0,39,0,Aggressive,23,0,1,0,0
972,35,Middle,Elite Trainer,47,0,73,0,Defensive,25,0,1,0,0
973,27,Low,Rocket Grunt,44,0,87,0,Aggressive,5,1,0,1,1
974,65,Middle,Nurse,60,0,75,0,Aggressive,17,0,1,0,0
975,69,Low,Scientist,85,0,42,0,Defensive,3,0,1,0,0
976,57,Low,Champion,100,1,66,0,Aggressive,9,1,0,1,1
977,57,Middle,Scientist,23,0,34,0,Defensive,15,0,1,0,0
978,34,Middle,Champion,69,0,47,0,Defensive,4,0,0,1,1
979,59,Middle,Nurse,99,0,80,0,Aggressive,13,0,1,0,0
980,70,Low,Casino Worker,61,0,79,0,Aggressive,14,0,1,0,0
981,64,Middle,Researcher,13,0,43,0,Defensive,2,0,1,0,0
982,47,Low,Champion,87,0,45,0,Unpredictable,18,0,1,0,0
983,17,Low,Champion,35,0,28,0,Unpredictable,13,0,1,0,0
984,54,Middle,Gym Leader Assistant,5,0,61,0,Aggressive,19,0,1,0,0
985,29,High,PokéMart Seller,10,0,37,0,Defensive,10,0,1,0,0
986,46,Middle,Black Market Dealer,29,0,73,0,Unpredictable,18,0,1,0,0
987,42,Middle,Breeder,68,0,65,0,Defensive,2,0,1,0,0
988,50,Middle,Biker,16,0,66,0,Unpredictable,6,0,1,0,0
989,64,Middle,Breeder,50,0,39,0,Unpredictable,7,0,1,0,0
990,49,Low,Underground Battler,97,0,44,0,Defensive,24,0,1,0,0
991,41,Middle,Fisherman,99,0,38,0,Aggressive,4,0,0,1,1
992,34,Middle,Fisherman,87,0,61,0,Defensive,12,0,1,0,0
993,56,Low,Black Market Dealer,76,0,75,0,Unpredictable,9,0,1,0,0
994,21,Middle,Researcher,12,0,71,0,Unpredictable,5,0,1,0,0
995,47,Middle,Fisherman,35,0,46,0,Unpredictable,9,0,1,0,0
996,13,Low,Police Officer,73,0,52,0,Unpredictable,4,0,1,0,0
997,62,Middle,PokéMart Seller,49,0,32,0,Aggressive,1,0,1,0,0
998,11,Low,Casino Worker,33,1,42,0,Aggressive,22,0,0,1,1
999,30,Low,Underground Battler,31,0,54,0,Unpredictable,2,0,1,0,0
1000,12,Low,Daycare Worker,51,0,78,0,Aggressive,1,0,1,0,0
1001,51,Middle,Nurse,59,0,70,0,Unpredictable,2,0,1,0,0
1002,59,High,Rocket Grunt,26,0,30,0,Aggressive,20,0,1,0,0
1003,70,Middle,Rocket Grunt,35,1,87,0,Defensive,9,0,0,1,1
1004,39,Middle,Gym Leader Assistant,40,0,74,0,Aggressive,3,0,1,0,0
1005,51,Middle,Gym Leader Assistant,63,0,46,0,Defensive,6,0,1,0,0
1006,16,Middle,Biker,7,0,68,0,Aggressive,1,0,1,0,0
1007,13,Middle,Biker,72,0,58,0,Defensive,10,0,1,0,0
1008,50,Middle,Rocket Grunt,80,0,23,0,Defensive,18,0,1,0,0
1009,27,Low,Black Market Dealer,35,0,56,0,Unpredictable,4,0,1,0,0
1010,24,High,Underground Battler,17,0,34,0,Defensive,20,0,1,0,0
1011,50,Middle,Elite Trainer,66,0,50,0,Aggressive,16,0,1,0,0
1012,33,Middle,PokéMart Seller,11,0,30,0,Aggressive,21,0,1,0,0
1013,54,Middle,PokéMart Seller,97,0,27,0,Defensive,1,0,1,0,0
1014,30,Low,Elite Trainer,71,0,73,0,Aggressive,24,0,1,0,0
1015,58,Low,Researcher,54,0,69,0,Defensive,7,0,1,0,0
1016,49,Low,Elite Trainer,10,0,56,0,Aggressive,18,0,1,0,0
1017,35,Middle,Black Market Dealer,6,0,51,0,Defensive,3,0,1,0,0
1018,57,Low,PokéMart Seller,17,0,76,0,Unpredictable,4,0,1,0,0
1019,57,High,Underground Battler,29,0,24,0,Unpredictable,2,0,1,0,0
1020,53,High,Researcher,7,0,28,0,Unpredictable,9,0,1,0,0
1021,11,High,Breeder,85,0,30,0,Unpredictable,5,0,1,0,0
1022,20,Middle,Casino Worker,34,1,32,0,Aggressive,12,0,0,1,1
1023,66,Middle,Fisherman,73,0,25,0,Unpredictable,15,0,1,0,0
1024,43,High,Fisherman,13,0,45,0,Unpredictable,9,0,1,0,0
1025,38,Middle,Researcher,73,0,47,0,Unpredictable,3,0,1,0,0
1026,60,Low,Casino Worker,8,0,47,0,Aggressive,17,0,1,0,0
1027,32,Middle,Police Officer,28,0,60,0,Defensive,3,0,1,0,0
1028,68,Middle,Scientist,47,0,34,0,Aggressive,25,0,1,0,0
1029,22,High,Scientist,74,0,37,0,Aggressive,30,0,1,1,1
1030,69,High,Researcher,89,0,85,0,Defensive,18,0,1,0,0
1031,14,Low,Fisherman,52,0,54,0,Aggressive,6,0,0,1,1
1032,41,High,Nurse,85,0,62,0,Unpredictable,11,0,1,0,0
1033,14,Middle,Gym Leader Assistant,13,0,34,0,Unpredictable,23,0,1,0,0
1034,51,Middle,Nurse,87,0,20,0,Aggressive,23,0,1,0,0
1035,50,Middle,Black Market Dealer,30,0,60,0,Aggressive,8,0,1,0,0
1036,15,Middle,PokéMart Seller,41,0,36,0,Unpredictable,2,0,1,0,0
1037,53,Middle,Gym Leader Assistant,32,0,21,0,Unpredictable,22,0,1,0,0
1038,29,Middle,Champion,95,0,35,0,Defensive,14,0,1,0,0
1039,25,Middle,Black Market Dealer,15,0,81,0,Aggressive,8,0,1,0,0
1040,48,Middle,Gym Leader Assistant,80,1,42,0,Aggressive,6,1,0,1,0
1041,56,Low,Biker,22,0,25,0,Aggressive,22,0,1,0,0
1042,46,Middle,Gym Leader Assistant,79,1,53,0,Aggressive,12,1,1,1,1
1043,23,Low,Researcher,56,0,35,0,Unpredictable,9,0,1,0,0
1044,49,Middle,Elite Trainer,5,0,35,0,Unpredictable,18,0,1,1,0
1045,47,Middle,PokéMart Seller,73,0,83,0,Unpredictable,7,0,1,0,0
1046,55,Low,Black Market Dealer,78,0,69,0,Aggressive,29,1,0,1,1
1047,10,Middle,Scientist,39,0,45,0,Unpredictable,4,0,1,0,0
1048,15,Middle,Underground Battler,86,0,69,0,Unpredictable,9,0,1,0,0
1049,50,Low,Underground Battler,16,0,37,0,Defensive,20,0,1,0,0
1050,55,Low,Elite Trainer,7,0,21,0,Unpredictable,22,0,1,0,0
1051,24,Middle,Elite Trainer,19,0,67,0,Aggressive,14,0,1,0,0
1052,50,High,Nurse,11,0,51,0,Aggressive,10,0,1,0,0
1053,46,Middle,Black Market Dealer,25,0,44,0,Defensive,4,0,1,0,0
1054,35,Low,Champion,36,0,66,0,Aggressive,10,0,1,0,0
1055,10,Low,PokéMart Seller,92,0,39,0,Defensive,3,0,1,0,0
1056,50,Low,Nurse,29,0,67,0,Aggressive,25,0,1,0,0
1057,52,Middle,Black Market Dealer,29,0,80,0,Aggressive,15,0,1,0,0
1058,22,Middle,PokéMart Seller,39,0,71,0,Unpredictable,16,0,1,0,0
1059,28,High,Daycare Worker,91,0,58,0,Unpredictable,12,1,0,1,0
1060,13,Low,Champion,32,1,80,1,Aggressive,10,0,0,1,1
1061,45,Middle,Fisherman,63,0,64,0,Defensive,7,0,1,0,0
1062,60,Middle,Underground Battler,89,0,20,0,Aggressive,16,0,1,0,0
1063,20,Low,Biker,97,0,42,0,Aggressive,17,0,1,0,0
1064,48,Low,Champion,92,0,46,0,Aggressive,15,0,1,0,0
1065,63,Low,Gym Leader Assistant,85,0,42,0,Unpredictable,18,0,1,0,0
1066,44,High,Breeder,94,0,75,0,Defensive,12,0,1,0,0
1067,45,Middle,Breeder,5,0,75,0,Aggressive,2,0,1,0,0
1068,32,Middle,Gym Leader Assistant,75,0,58,0,Aggressive,15,1,0,1,1
1069,38,Middle,Gym Leader Assistant,95,0,75,0,Defensive,5,0,1,0,0
1070,29,Middle,Fisherman,32,0,24,0,Defensive,2,0,1,0,0
1071,50,Middle,PokéMart Seller,61,0,89,0,Defensive,25,1,0,1,1
1072,34,Low,Rocket Grunt,57,1,72,0,Aggressive,18,0,1,1,1
1073,15,Middle,Police Officer,29,0,35,0,Unpredictable,11,0,1,0,0
1074,44,Middle,Biker,35,0,43,0,Defensive,4,0,0,1,1
1075,37,Low,Champion,85,0,25,0,Aggressive,23,0,1,0,0
1076,50,Low,Casino Worker,39,0,48,0,Unpredictable,6,0,1,0,0
1077,45,Middle,Black Market Dealer,32,0,32,0,Unpredictable,6,0,1,0,0
1078,46,Middle,Breeder,77,0,25,0,Unpredictable,19,0,1,0,0
1079,22,Middle,Biker,13,0,30,0,Aggressive,10,0,0,1,1
1080,30,Low,PokéMart Seller,99,1,42,0,Defensive,5,1,1,1,0
1081,10,Low,Scientist,10,0,31,0,Defensive,5,0,1,0,0
1082,43,Low,Rocket Grunt,92,0,38,0,Aggressive,9,0,1,0,0
1083,41,Low,Champion,93,0,32,0,Aggressive,12,0,1,0,0
1084,31,Low,Elite Trainer,39,0,61,0,Aggressive,18,0,1,0,0
1085,45,High,Underground Battler,10,0,54,0,Unpredictable,5,0,1,0,0
1086,52,High,Researcher,65,0,26,0,Defensive,0,0,1,0,0
1087,18,Middle,Scientist,38,0,42,0,Defensive,24,0,1,0,0
1088,23,Middle,PokéMart Seller,59,1,57,1,Defensive,14,0,0,1,1
1089,64,High,Fisherman,85,0,29,0,Aggressive,7,0,1,0,0
1090,24,Middle,Casino Worker,72,0,27,0,Unpredictable,12,0,1,0,0
1091,39,High,Scientist,77,0,74,0,Aggressive,0,0,1,0,0
1092,23,Low,Casino Worker,65,0,28,0,Unpredictable,20,0,1,0,0
1093,10,Middle,Police Officer,96,0,66,0,Aggressive,5,0,1,0,0
1094,62,Middle,Researcher,29,0,48,0,Unpredictable,19,0,1,0,0
1095,68,Middle,Scientist,11,0,42,0,Unpredictable,6,0,0,1,1
1096,40,Low,PokéMart Seller,63,0,76,0,Defensive,2,0,1,0,0
1097,43,Low,Casino Worker,67,0,58,0,Aggressive,15,0,1,0,0
1098,62,Low,Underground Battler,50,0,28,0,Defensive,1,0,1,0,0
1099,39,Middle,Underground Battler,78,0,59,0,Unpredictable,22,0,1,0,0
1100,32,High,Biker,79,0,25,0,Defensive,1,0,1,0,0
1101,69,Middle,Scientist,79,0,21,0,Unpredictable,21,0,1,0,0
1102,14,Low,Underground Battler,14,0,43,0,Unpredictable,20,0,1,0,0
1103,22,Middle,Researcher,76,0,43,0,Defensive,5,1,0,1,1
1104,14,High,Gym Leader Assistant,73,0,71,0,Unpredictable,22,0,1,0,0
1105,43,Middle,Black Market Dealer,72,0,72,0,Unpredictable,1,0,1,0,0
1106,14,Low,Elite Trainer,66,0,22,0,Aggressive,6,0,1,0,0
1107,40,Middle,Rocket Grunt,47,0,54,0,Defensive,9,0,1,0,0
1108,68,Low,Champion,46,0,40,0,Unpredictable,20,0,1,0,0
1109,20,High,Nurse,80,0,41,0,Unpredictable,20,0,1,0,0
1110,52,Middle,Elite Trainer,28,1,55,0,Aggressive,9,1,0,1,1
1111,32,Middle,Black Market Dealer,84,0,48,0,Aggressive,6,0,1,0,0
1112,41,Middle,Rocket Grunt,61,0,83,0,Unpredictable,25,0,1,0,0
1113,39,Middle,Underground Battler,70,0,42,0,Aggressive,7,0,1,0,0
1114,23,Middle,Elite Trainer,68,0,36,0,Defensive,13,0,1,0,0
1115,16,Low,Scientist,96,1,68,0,Unpredictable,6,0,1,1,0
1116,55,Low,Breeder,9,0,23,0,Unpredictable,23,0,1,0,0
1117,27,Low,Gym Leader Assistant,51,0,22,0,Defensive,19,0,1,0,0
1118,44,Middle,Rocket Grunt,23,0,63,0,Defensive,19,0,1,0,0
1119,31,Middle,Scientist,19,0,23,0,Unpredictable,24,0,1,0,0
1120,11,Low,Biker,47,0,28,0,Unpredictable,3,0,1,0,0
1121,64,Middle,Casino Worker,28,0,48,0,Defensive,14,0,1,0,0
1122,34,Low,Nurse,53,0,41,0,Unpredictable,24,0,1,0,0
1123,11,Low,Nurse,60,1,83,0,Unpredictable,24,1,1,1,1
1124,68,Middle,Researcher,49,0,77,0,Aggressive,5,0,1,0,0
1125,66,Middle,PokéMart Seller,58,0,28,0,Unpredictable,20,0,1,0,0
1126,51,Middle,Daycare Worker,84,0,61,0,Defensive,21,1,0,1,1
1127,49,Low,Breeder,61,0,60,0,Defensive,15,0,1,0,0
1128,35,Middle,Biker,54,0,77,0,Unpredictable,14,0,1,0,0
1129,53,Middle,Casino Worker,51,0,31,0,Unpredictable,20,0,1,0,0
1130,18,Low,Black Market Dealer,56,0,45,0,Defensive,19,0,1,0,0
1131,55,Middle,Elite Trainer,10,0,68,0,Unpredictable,6,0,1,0,0
1132,50,Low,PokéMart Seller,41,1,30,1,Unpredictable,13,1,0,1,1
1133,53,Middle,Casino Worker,58,0,54,0,Unpredictable,1,0,1,0,0
1134,44,Middle,PokéMart Seller,47,0,36,1,Aggressive,11,1,0,1,1
1135,57,Middle,Elite Trainer,77,0,70,0,Unpredictable,17,0,1,0,0
1136,58,Middle,Daycare Worker,60,0,57,0,Defensive,20,0,1,0,0
1137,53,Low,PokéMart Seller,94,0,60,0,Aggressive,21,0,1,0,0
1138,30,Middle,Daycare Worker,53,1,53,1,Unpredictable,28,1,0,1,0
1139,68,Middle,Gym Leader Assistant,83,0,49,0,Aggressive,6,0,1,0,0
1140,48,Low,Researcher,32,0,67,0,Aggressive,20,0,1,0,0
1141,59,High,Biker,77,0,25,0,Unpredictable,23,0,1,0,0
1142,55,Middle,Biker,35,0,47,0,Aggressive,3,0,1,0,0
1143,39,Low,Underground Battler,99,0,57,0,Defensive,23,0,1,0,0
1144,27,Low,Underground Battler,100,0,26,0,Unpredictable,17,0,1,0,0
1145,57,Middle,Black Market Dealer,17,0,20,0,Unpredictable,1,0,1,0,0
1146,12,Middle,Fisherman,74,0,45,0,Aggressive,24,0,1,0,0
1147,62,High,Nurse,61,1,43,0,Unpredictable,20,0,0,1,1
1148,15,Middle,Biker,43,0,36,0,Aggressive,6,0,1,0,0
1149,10,Low,Black Market Dealer,43,1,57,0,Aggressive,23,0,0,1,1
1150,51,Middle,Underground Battler,70,0,67,0,Defensive,19,0,1,0,0
1151,69,Middle,Breeder,41,1,63,0,Unpredictable,30,0,1,1,1
1152,27,Middle,Rocket Grunt,89,1,61,0,Aggressive,8,0,0,1,1
1153,62,Middle,Researcher,55,0,57,0,Defensive,18,0,1,0,0
1154,66,Middle,Biker,51,0,78,0,Unpredictable,2,0,1,0,0
1155,66,High,PokéMart Seller,98,0,30,0,Aggressive,19,0,1,0,0
1156,20,High,Black Market Dealer,99,0,53,0,Aggressive,9,0,1,0,0
1157,24,Low,Underground Battler,34,1,34,0,Aggressive,30,1,0,1,1
1158,51,Middle,Elite Trainer,10,1,68,1,Defensive,16,1,0,1,0
1159,10,Low,Rocket Grunt,100,0,78,0,Unpredictable,5,0,1,0,0
1160,25,Middle,Casino Worker,54,1,54,0,Aggressive,3,1,1,1,0
1161,59,Middle,Daycare Worker,95,0,37,0,Unpredictable,21,0,1,0,0
1162,11,Low,Nurse,34,0,50,0,Defensive,4,1,0,1,1
1163,48,Low,Elite Trainer,63,0,21,0,Defensive,25,0,1,0,0
1164,32,High,Biker,47,0,22,0,Defensive,4,0,1,0,0
1165,51,High,Nurse,49,1,70,0,Defensive,9,0,0,1,0
1166,30,Low,Nurse,56,1,48,0,Defensive,18,1,0,1,1
1167,58,High,Daycare Worker,16,0,26,0,Aggressive,5,0,1,0,0
1168,17,High,Black Market Dealer,28,1,63,0,Unpredictable,11,1,0,1,1
1169,24,Middle,Casino Worker,46,0,38,0,Aggressive,17,0,1,0,0
1170,23,Low,Biker,6,0,69,0,Defensive,17,0,1,0,0
1171,59,Middle,Black Market Dealer,35,0,45,0,Aggressive,6,0,1,0,0
1172,69,Middle,PokéMart Seller,93,0,22,0,Unpredictable,10,0,1,0,0
1173,39,Low,Black Market Dealer,92,0,50,0,Aggressive,11,0,1,0,0
1174,46,Low,Casino Worker,81,0,65,0,Unpredictable,13,0,1,0,0
1175,59,Middle,Rocket Grunt,49,0,69,0,Aggressive,0,0,1,0,0
1176,37,Low,Rocket Grunt,78,0,44,0,Aggressive,8,1,1,1,1
1177,36,Middle,Police Officer,86,0,58,0,Unpredictable,12,0,1,0,0
1178,11,Low,Nurse,22,0,74,0,Defensive,4,0,1,0,0
1179,30,Middle,Gym Leader Assistant,47,0,75,0,Defensive,1,0,1,0,0
1180,66,Middle,Police Officer,69,0,47,0,Unpredictable,0,0,1,0,0
1181,18,Middle,Researcher,70,0,25,0,Defensive,17,0,1,0,0
1182,70,Low,Elite Trainer,62,0,41,0,Unpredictable,13,0,0,1,1
1183,27,Middle,Casino Worker,96,0,48,1,Unpredictable,26,0,0,1,1
1184,38,Middle,Scientist,42,0,65,0,Aggressive,20,0,1,0,0
1185,68,Middle,Nurse,67,0,41,0,Defensive,16,0,1,0,0
1186,54,Middle,Scientist,39,0,31,0,Unpredictable,0,0,1,0,0
1187,68,High,Elite Trainer,22,0,81,0,Defensive,3,0,1,0,0
1188,61,Middle,Rocket Grunt,35,1,42,0,Unpredictable,19,0,0,1,1
1189,31,Low,Fisherman,62,0,64,0,Defensive,2,0,1,0,0
1190,16,Low,Champion,74,0,50,0,Defensive,15,0,1,0,0
1191,26,Low,PokéMart Seller,66,0,50,0,Unpredictable,1,0,1,0,0
1192,44,Middle,PokéMart Seller,56,0,26,0,Unpredictable,17,0,1,0,0
1193,66,High,Casino Worker,80,0,50,0,Defensive,9,0,1,0,0
1194,52,Middle,PokéMart Seller,76,0,25,0,Defensive,9,0,1,0,0
1195,49,Middle,Gym Leader Assistant,20,1,86,0,Aggressive,13,0,0,1,1
1196,52,Low,Casino Worker,7,0,55,0,Defensive,7,0,1,0,0
1197,53,Low,Daycare Worker,10,1,31,0,Unpredictable,4,0,0,1,1
1198,43,Middle,Rocket Grunt,41,0,36,0,Aggressive,19,0,1,0,0
1199,23,Low,Biker,66,1,66,0,Unpredictable,17,1,0,1,1
1200,41,Low,Breeder,27,0,77,0,Aggressive,4,0,1,0,0
1201,14,Middle,Fisherman,97,0,52,0,Unpredictable,2,0,1,0,0
1202,69,Low,Nurse,52,1,54,0,Defensive,10,1,0,1,1
1203,67,Low,Casino Worker,76,0,62,0,Unpredictable,14,0,1,0,0
1204,57,Low,Casino Worker,69,0,80,0,Unpredictable,12,0,1,0,0
1205,33,Middle,Champion,88,0,71,0,Unpredictable,22,0,1,0,0
1206,56,Low,Police Officer,97,0,33,0,Aggressive,8,0,1,0,0
1207,30,Middle,Casino Worker,16,0,36,0,Aggressive,16,0,1,0,0
1208,62,Low,Underground Battler,90,1,56,0,Unpredictable,29,1,0,1,0
1209,41,Low,Black Market Dealer,41,0,35,0,Defensive,10,0,1,0,0
1210,12,High,Breeder,16,0,51,0,Unpredictable,19,0,0,1,1
1211,61,Middle,Underground Battler,33,1,32,0,Aggressive,24,0,0,1,0
1212,36,Low,Breeder,45,0,20,0,Defensive,13,0,1,0,0
1213,28,Middle,Underground Battler,40,0,23,0,Defensive,23,0,1,0,0
1214,10,Middle,Fisherman,17,0,79,0,Unpredictable,25,0,1,0,0
1215,61,Middle,Gym Leader Assistant,90,0,82,0,Unpredictable,19,0,0,1,1
1216,20,Low,Gym Leader Assistant,31,0,37,0,Defensive,2,0,1,0,0
1217,21,High,Fisherman,10,0,47,0,Unpredictable,20,0,1,0,0
1218,29,Middle,Elite Trainer,50,0,71,0,Defensive,1,0,1,0,0
1219,54,Middle,Scientist,11,0,81,0,Aggressive,23,0,0,1,1
1220,39,Middle,Casino Worker,19,0,80,0,Unpredictable,23,0,1,0,0
1221,49,Middle,Police Officer,12,1,62,0,Unpredictable,26,0,1,1,1
1222,42,Middle,Elite Trainer,9,0,64,0,Unpredictable,12,0,1,0,0
1223,70,Middle,Researcher,68,0,26,0,Defensive,5,0,1,0,0
1224,47,Middle,Researcher,25,0,85,0,Defensive,9,0,1,0,0
1225,61,Middle,Gym Leader Assistant,44,0,69,0,Defensive,22,0,1,0,0
1226,29,Middle,PokéMart Seller,21,0,73,0,Aggressive,25,0,1,0,0
1227,46,Middle,Champion,55,0,38,0,Unpredictable,20,0,1,0,0
1228,25,Middle,Champion,54,0,73,0,Defensive,15,0,1,0,0
1229,23,Low,Gym Leader Assistant,84,0,53,0,Unpredictable,4,0,1,0,0
1230,18,Low,Gym Leader Assistant,57,0,34,0,Unpredictable,11,0,1,0,0
1231,32,Low,Scientist,5,0,64,0,Defensive,13,0,1,0,0
1232,41,Low,Scientist,21,0,33,0,Defensive,18,0,1,0,0
1233,29,Low,Police Officer,24,0,28,0,Unpredictable,9,0,1,0,0
1234,49,Middle,Rocket Grunt,33,0,50,0,Unpredictable,8,0,1,0,0
1235,19,Low,Elite Trainer,99,0,41,0,Aggressive,22,0,1,0,0
1236,16,Low,Daycare Worker,11,0,69,0,Defensive,4,0,1,0,0
1237,20,Middle,Casino Worker,20,0,33,0,Aggressive,13,0,1,0,0
1238,40,Middle,Nurse,47,1,53,0,Unpredictable,11,1,0,1,0
1239,65,Low,Underground Battler,78,0,77,0,Defensive,25,0,1,0,0
1240,15,Middle,Daycare Worker,66,0,26,0,Aggressive,3,0,1,0,0
1241,63,Middle,Casino Worker,76,0,73,0,Unpredictable,2,0,1,0,0
1242,48,Middle,Fisherman,79,0,38,0,Unpredictable,22,0,1,0,0
1243,59,Middle,Black Market Dealer,22,1,51,0,Aggressive,15,1,0,1,1
1244,47,Low,Biker,68,0,73,0,Aggressive,10,0,1,0,0
1245,59,Low,Researcher,30,0,85,0,Aggressive,11,0,1,0,0
1246,25,Middle,Researcher,79,0,64,0,Aggressive,22,0,1,0,0
1247,16,Middle,Breeder,45,0,79,0,Defensive,8,0,1,0,0
1248,54,Middle,PokéMart Seller,98,0,69,0,Aggressive,25,0,1,0,0
1249,22,Middle,Underground Battler,52,1,35,0,Unpredictable,4,1,0,1,0
1250,33,Low,Gym Leader Assistant,41,0,68,0,Defensive,6,0,1,0,0
1251,63,High,Rocket Grunt,97,0,52,0,Aggressive,15,0,1,0,0
1252,15,Middle,Nurse,78,0,61,0,Unpredictable,20,0,1,0,0
1253,64,Low,Researcher,27,0,73,0,Unpredictable,3,0,1,0,0
1254,42,Low,Gym Leader Assistant,7,1,75,0,Defensive,10,1,0,1,1
1255,51,Middle,Fisherman,41,0,28,0,Unpredictable,25,0,1,0,0
1256,11,Low,Daycare Worker,12,0,72,0,Defensive,12,0,1,0,0
1257,18,Middle,Nurse,31,0,43,0,Defensive,3,0,0,1,1
1258,55,Middle,PokéMart Seller,71,1,85,0,Unpredictable,17,1,0,1,1
1259,30,High,Casino Worker,42,0,78,0,Defensive,11,0,1,0,0
1260,26,Low,Daycare Worker,59,1,79,0,Defensive,13,1,0,1,1
1261,29,Low,Underground Battler,100,0,69,0,Aggressive,7,0,1,0,0
1262,31,Middle,Researcher,46,0,27,0,Aggressive,8,0,1,0,0
1263,59,Middle,Underground Battler,15,0,62,0,Defensive,17,0,1,0,0
1264,14,High,Biker,16,0,78,0,Defensive,7,0,1,0,0
1265,26,High,Daycare Worker,27,0,68,0,Aggressive,28,0,0,1,1
1266,47,Low,Scientist,5,0,32,0,Defensive,23,0,1,0,0
1267,45,Middle,Casino Worker,38,0,23,0,Defensive,18,0,1,0,0
1268,49,Low,Police Officer,99,0,21,0,Aggressive,22,0,1,0,0
1269,35,Low,Rocket Grunt,5,0,45,0,Aggressive,8,0,1,0,0
1270,23,Low,Breeder,87,0,38,0,Aggressive,16,0,0,1,1
1271,16,Low,Police Officer,40,0,42,0,Aggressive,1,0,1,0,0
1272,32,Low,Champion,28,0,24,0,Aggressive,16,0,1,0,0
1273,45,Middle,Elite Trainer,44,0,43,0,Unpredictable,1,0,1,0,0
1274,36,High,Fisherman,84,0,76,0,Defensive,6,0,1,0,0
1275,12,Middle,Underground Battler,51,0,80,0,Aggressive,15,0,1,0,0
1276,67,Low,Scientist,50,0,45,0,Aggressive,1,0,1,0,0
1277,27,Middle,Breeder,81,0,83,0,Defensive,6,0,1,1,1
1278,25,Low,Underground Battler,72,0,43,0,Defensive,22,0,1,0,0
1279,52,Low,Scientist,33,0,59,0,Aggressive,17,0,1,0,0
1280,32,Middle,Underground Battler,63,0,41,0,Aggressive,14,0,1,1,1
1281,45,Low,Rocket Grunt,75,0,62,0,Defensive,21,0,1,0,0
1282,13,Middle,Breeder,87,0,61,0,Aggressive,11,0,1,0,0
1283,64,High,Biker,26,0,65,0,Unpredictable,5,0,1,0,0
1284,52,Low,Nurse,53,0,22,0,Defensive,0,0,1,0,0
1285,65,Middle,Black Market Dealer,62,0,41,0,Aggressive,5,0,1,0,0
1286,31,Middle,Breeder,28,0,75,0,Aggressive,16,0,1,0,0
1287,37,Middle,Nurse,66,0,53,0,Defensive,6,0,1,0,0
1288,55,Low,Biker,64,0,37,0,Unpredictable,3,0,1,0,0
1289,40,Middle,Scientist,69,0,23,0,Defensive,18,0,1,0,0
1290,25,High,Elite Trainer,51,1,36,1,Aggressive,21,0,0,1,0
1291,36,Middle,Gym Leader Assistant,7,0,85,0,Defensive,11,0,1,0,0
1292,44,Middle,PokéMart Seller,75,0,56,0,Defensive,4,0,1,0,0
1293,21,Low,Underground Battler,95,0,60,0,Aggressive,7,1,0,1,1
1294,46,Middle,PokéMart Seller,60,0,66,0,Defensive,4,0,1,0,0
1295,37,Middle,Breeder,43,0,25,0,Unpredictable,20,0,1,0,0
1296,16,Middle,Nurse,47,0,61,0,Defensive,3,0,1,0,0
1297,35,Low,Champion,23,1,67,0,Unpredictable,24,0,1,1,1
1298,31,Middle,Police Officer,11,0,68,0,Defensive,14,0,1,0,0
1299,29,Low,PokéMart Seller,77,0,47,0,Unpredictable,24,0,1,0,0
1300,24,Low,Elite Trainer,10,0,79,0,Unpredictable,15,0,1,0,0
1301,25,Middle,Nurse,93,1,41,0,Aggressive,11,0,0,1,0
1302,49,Low,Police Officer,37,0,28,0,Aggressive,25,0,1,0,0
1303,34,Low,Underground Battler,80,0,83,0,Aggressive,9,0,1,0,0
1304,60,Middle,Researcher,13,0,40,0,Unpredictable,24,0,1,0,0
1305,49,Middle,Nurse,58,0,23,0,Defensive,19,0,1,0,0
1306,28,Low,Nurse,49,0,35,0,Aggressive,20,0,1,0,0
1307,11,Middle,Fisherman,36,0,30,0,Unpredictable,10,0,1,0,0
1308,28,Middle,Biker,12,0,27,0,Aggressive,6,0,1,0,0
1309,62,Middle,Daycare Worker,69,0,30,0,Unpredictable,5,0,1,0,0
1310,12,Middle,Scientist,17,0,43,0,Aggressive,0,0,1,0,0
1311,27,Low,Nurse,98,0,31,0,Aggressive,16,0,1,0,0
1312,35,Low,Fisherman,74,0,30,0,Aggressive,0,0,1,0,0
1313,68,Middle,Scientist,53,0,42,0,Defensive,6,0,1,0,0
1314,22,Middle,Scientist,33,0,47,0,Defensive,3,0,0,1,0
1315,41,High,Gym Leader Assistant,38,0,76,0,Unpredictable,5,0,1,0,0
1316,50,Low,Casino Worker,100,1,36,0,Unpredictable,12,0,0,1,0
1317,39,High,Breeder,44,1,69,0,Defensive,27,0,0,1,1
1318,36,Middle,Breeder,62,0,66,0,Aggressive,9,0,1,0,0
1319,21,Low,Gym Leader Assistant,44,0,50,0,Unpredictable,4,0,1,0,0
1320,64,Low,Scientist,15,0,65,0,Aggressive,5,1,1,1,1
1321,45,Low,Biker,8,1,56,0,Aggressive,30,1,0,1,1
1322,63,Middle,Champion,67,0,72,0,Aggressive,24,0,1,0,0
1323,55,Middle,Researcher,72,0,45,0,Defensive,22,0,1,0,0
1324,21,Middle,Breeder,91,0,70,0,Defensive,7,0,1,0,0
1325,31,Middle,Breeder,34,0,64,0,Aggressive,8,0,1,0,0
1326,47,Low,Police Officer,18,0,76,0,Defensive,22,0,1,0,0
1327,35,Middle,Underground Battler,41,0,78,0,Defensive,25,0,1,0,0
1328,67,Low,Casino Worker,17,0,69,0,Defensive,25,0,1,0,0
1329,57,Low,Scientist,70,1,32,0,Unpredictable,29,1,1,1,1
1330,26,Middle,Biker,90,0,50,0,Aggressive,22,0,1,0,0
1331,33,Low,Black Market Dealer,67,0,50,0,Defensive,13,0,1,0,0
1332,57,High,Fisherman,56,0,55,0,Unpredictable,7,0,1,1,0
1333,61,Low,Casino Worker,56,0,61,0,Aggressive,3,0,1,0,0
1334,41,Low,Casino Worker,98,0,40,0,Aggressive,23,0,1,0,0
1335,40,Low,Police Officer,91,0,71,0,Defensive,9,0,1,0,0
1336,34,Middle,Nurse,54,0,48,0,Aggressive,5,0,1,0,0
1337,19,Middle,Nurse,65,0,53,0,Aggressive,1,0,1,0,0
1338,41,Low,Nurse,36,0,33,0,Defensive,0,0,1,0,0
1339,60,Middle,Fisherman,36,0,73,1,Aggressive,11,0,1,1,1
1340,50,Low,Nurse,60,0,88,0,Defensive,14,1,0,1,1
1341,70,Low,Scientist,66,0,78,0,Defensive,5,0,1,0,0
1342,38,Low,Rocket Grunt,83,0,22,0,Defensive,25,0,1,0,0
1343,62,Middle,PokéMart Seller,88,0,49,0,Defensive,2,0,1,0,0
1344,45,Low,Nurse,36,0,56,0,Defensive,28,0,0,1,1
1345,65,Low,Police Officer,24,0,21,0,Aggressive,2,0,1,0,0
1346,53,Low,Fisherman,6,0,46,0,Unpredictable,20,0,1,1,1
1347,10,Middle,Breeder,54,0,43,0,Unpredictable,16,0,1,0,0
1348,20,Middle,Elite Trainer,62,1,77,0,Defensive,21,0,0,1,1
1349,39,Middle,Champion,36,0,66,0,Defensive,10,0,1,0,0
1350,59,Low,Scientist,6,0,83,0,Unpredictable,7,0,1,0,0
1351,64,Low,Researcher,78,0,68,0,Defensive,17,0,1,0,0
1352,56,Middle,Police Officer,39,0,23,0,Unpredictable,3,0,1,0,0
1353,40,Middle,Biker,14,0,58,0,Defensive,1,0,1,0,0
1354,17,Low,Casino Worker,41,0,66,0,Defensive,16,0,1,0,0
1355,26,Low,Champion,61,0,38,0,Defensive,3,0,0,1,0
1356,50,Low,Scientist,90,0,56,0,Defensive,18,0,1,0,0
1357,27,Middle,Scientist,46,0,38,0,Unpredictable,4,0,1,0,0
1358,30,Middle,Rocket Grunt,27,0,31,0,Unpredictable,17,0,1,0,0
1359,70,Low,Gym Leader Assistant,50,1,53,0,Unpredictable,3,1,0,1,1
1360,47,Middle,Elite Trainer,96,0,59,0,Defensive,15,0,1,0,0
1361,54,Middle,Breeder,87,0,49,0,Defensive,5,0,0,1,1
1362,57,Middle,Breeder,58,0,33,0,Defensive,12,0,1,0,0
1363,67,Low,Breeder,52,0,82,0,Defensive,2,0,1,0,0
1364,22,Low,Nurse,69,1,84,0,Unpredictable,14,0,0,1,0
1365,41,Middle,Elite Trainer,41,0,61,0,Defensive,11,0,1,0,0
1366,27,Low,Breeder,49,0,36,0,Aggressive,26,1,1,1,1
1367,59,High,Champion,88,0,52,0,Defensive,2,0,1,0,0
1368,22,Low,Black Market Dealer,43,0,63,0,Unpredictable,28,0,1,1,1
1369,60,High,Nurse,90,0,85,0,Unpredictable,10,0,1,0,0
1370,38,High,Black Market Dealer,89,0,73,0,Unpredictable,15,1,0,1,1
1371,44,Middle,Champion,80,0,44,0,Aggressive,2,0,1,0,0
1372,23,Middle,Breeder,7,0,37,0,Defensive,25,0,1,0,0
1373,66,Middle,Elite Trainer,11,0,64,0,Unpredictable,18,0,0,1,1
1374,46,Middle,Black Market Dealer,37,0,71,0,Defensive,4,0,1,0,0
1375,29,Middle,Breeder,52,0,80,0,Defensive,25,0,1,0,0
1376,68,Middle,Nurse,48,0,77,0,Aggressive,4,0,1,0,0
1377,63,High,Elite Trainer,55,0,51,0,Aggressive,20,0,1,0,0
1378,64,Middle,Black Market Dealer,22,0,78,0,Unpredictable,16,0,1,0,0
1379,50,Middle,Black Market Dealer,85,0,60,0,Defensive,17,0,1,0,0
1380,58,Low,PokéMart Seller,45,1,32,0,Aggressive,29,1,0,1,1
1381,30,Middle,Scientist,52,0,54,0,Unpredictable,12,0,1,0,0
1382,23,Middle,Scientist,94,0,48,0,Unpredictable,11,0,0,1,1
1383,32,High,Researcher,10,0,36,0,Aggressive,22,0,1,0,0
1384,33,Low,PokéMart Seller,10,0,52,0,Unpredictable,8,0,1,0,0
1385,44,Low,Researcher,89,1,48,0,Aggressive,8,1,0,1,1
1386,59,Middle,PokéMart Seller,16,0,42,0,Aggressive,12,0,1,0,0
1387,35,Middle,Casino Worker,87,0,74,0,Aggressive,22,0,1,0,0
1388,26,Low,PokéMart Seller,49,1,51,0,Aggressive,16,1,1,1,1
1389,28,Low,Elite Trainer,81,0,38,0,Unpredictable,20,0,1,0,0
1390,12,Middle,Champion,41,0,61,0,Unpredictable,27,0,0,1,1
1391,48,Middle,Police Officer,83,0,44,0,Unpredictable,0,0,1,0,0
1392,17,Middle,Scientist,100,0,30,0,Defensive,9,0,1,0,0
1393,23,Middle,Scientist,78,0,58,0,Unpredictable,17,0,1,0,0
1394,50,Middle,Fisherman,69,0,47,0,Defensive,8,0,1,0,0
1395,61,Low,Champion,97,0,44,0,Defensive,23,0,1,0,0
1396,48,Middle,Casino Worker,26,1,67,0,Defensive,26,1,0,1,0
1397,11,Middle,Researcher,61,0,66,0,Aggressive,18,0,1,0,0
1398,20,Middle,Champion,7,0,23,0,Aggressive,16,0,1,0,0
1399,23,Low,Biker,51,0,49,0,Unpredictable,20,0,1,1,1
1400,14,Middle,Fisherman,23,0,84,0,Unpredictable,25,0,1,0,0
1401,59,Middle,Champion,11,0,71,0,Defensive,1,0,1,0,0
1402,22,Low,Champion,81,0,60,0,Unpredictable,17,0,1,0,0
1403,19,Middle,Nurse,71,0,39,0,Aggressive,21,0,1,0,0
1404,39,Low,Fisherman,70,0,78,0,Defensive,25,0,1,0,0
1405,27,Low,Scientist,83,0,37,0,Defensive,23,0,1,0,0
1406,11,Middle,Nurse,17,0,71,0,Unpredictable,14,0,1,0,0
1407,43,Middle,Biker,9,0,61,0,Aggressive,0,0,1,0,0
1408,63,Low,Casino Worker,36,0,38,0,Aggressive,1,0,1,0,0
1409,14,High,Black Market Dealer,86,1,30,0,Unpredictable,29,1,0,1,1
1410,63,Low,Gym Leader Assistant,71,0,76,0,Defensive,0,0,1,0,0
1411,61,Middle,Scientist,66,0,61,0,Aggressive,12,0,1,0,0
1412,21,Low,Rocket Grunt,57,0,44,0,Unpredictable,10,0,1,0,0
1413,64,Low,Black Market Dealer,28,0,74,0,Defensive,21,1,1,1,1
1414,42,Middle,Breeder,56,0,40,0,Unpredictable,25,0,1,0,0
1415,41,Low,Breeder,16,0,47,0,Unpredictable,24,0,1,0,0
1416,67,Middle,Champion,60,0,20,0,Aggressive,18,0,1,0,0
1417,17,Middle,Police Officer,71,0,56,0,Unpredictable,23,0,1,0,0
1418,12,Middle,Casino Worker,42,0,46,0,Defensive,5,0,1,0,0
1419,64,Low,Black Market Dealer,63,0,56,0,Unpredictable,8,0,1,0,0
1420,55,Low,Elite Trainer,29,0,69,0,Aggressive,9,0,1,0,0
1421,37,Middle,Scientist,66,0,37,0,Defensive,1,0,1,0,0
1422,70,Low,Researcher,100,0,59,1,Aggressive,15,0,0,1,1
1423,47,High,Nurse,73,0,51,0,Aggressive,7,0,1,0,0
1424,59,Middle,Scientist,68,0,66,0,Unpredictable,6,0,1,0,0
1425,55,Middle,Fisherman,62,0,51,0,Unpredictable,22,0,1,0,0
1426,42,Low,Researcher,32,0,43,0,Unpredictable,8,0,1,0,0
1427,38,Low,Gym Leader Assistant,54,1,78,0,Unpredictable,16,1,0,1,1
1428,69,Low,Champion,12,0,67,0,Unpredictable,22,0,1,0,0
1429,55,Middle,Casino Worker,61,0,40,0,Unpredictable,7,0,0,1,1
1430,64,Middle,Elite Trainer,16,0,52,0,Unpredictable,11,0,1,0,0
1431,18,Middle,Gym Leader Assistant,25,0,81,0,Unpredictable,21,0,1,0,0
1432,23,Middle,Breeder,69,0,37,0,Aggressive,16,0,0,1,0
1433,22,Middle,PokéMart Seller,73,0,26,0,Aggressive,18,0,1,0,0
1434,44,Middle,Elite Trainer,83,0,48,0,Aggressive,12,0,1,0,0
1435,63,Middle,Casino Worker,27,0,26,0,Defensive,7,0,1,0,0
1436,47,Middle,Biker,71,0,32,0,Aggressive,15,0,1,0,0
1437,10,Low,Rocket Grunt,47,0,74,0,Aggressive,29,1,1,1,1
1438,64,Low,Scientist,14,0,61,0,Aggressive,19,0,1,0,0
1439,19,Middle,Biker,61,0,57,0,Unpredictable,21,0,1,0,0
1440,17,High,Researcher,55,0,20,0,Aggressive,9,0,1,0,0
1441,12,High,Scientist,30,1,34,1,Unpredictable,18,1,0,1,1
1442,34,Middle,Rocket Grunt,49,0,41,0,Aggressive,11,0,1,0,0
1443,47,Middle,Gym Leader Assistant,48,0,68,0,Aggressive,5,0,1,0,0
1444,60,Middle,Casino Worker,5,0,58,0,Aggressive,25,0,1,0,0
1445,52,Low,Casino Worker,45,0,55,0,Aggressive,15,1,1,1,1
1446,39,High,PokéMart Seller,71,0,40,0,Aggressive,24,0,1,0,0
1447,61,High,Researcher,25,0,71,0,Unpredictable,15,0,1,0,0
1448,21,Middle,Casino Worker,29,0,83,0,Defensive,22,0,1,0,0
1449,52,Low,Biker,22,1,80,0,Unpredictable,7,1,0,1,1
1450,54,Middle,Black Market Dealer,22,0,42,0,Defensive,22,0,1,0,0
1451,13,Low,Casino Worker,92,0,56,0,Defensive,12,0,1,0,0
1452,54,High,Fisherman,69,0,24,0,Defensive,22,0,1,0,0
1453,23,Low,Nurse,78,0,85,0,Defensive,7,0,1,0,0
1454,14,Middle,Gym Leader Assistant,33,0,78,0,Defensive,25,0,1,0,0
1455,52,Low,Rocket Grunt,98,0,27,0,Aggressive,17,0,1,0,0
1456,43,High,PokéMart Seller,5,0,21,0,Aggressive,8,0,1,0,0
1457,30,Low,Black Market Dealer,38,0,73,0,Unpredictable,14,0,1,0,0
1458,37,High,PokéMart Seller,92,0,30,0,Unpredictable,3,0,1,0,0
1459,53,Low,Black Market Dealer,9,0,54,1,Aggressive,15,1,0,1,0
1460,66,Middle,Casino Worker,10,0,21,0,Aggressive,24,0,1,0,0
1461,24,High,Biker,7,0,66,0,Defensive,6,0,1,0,0
1462,65,Middle,Casino Worker,25,0,77,0,Defensive,15,0,1,0,0
1463,15,Middle,Rocket Grunt,13,1,59,0,Aggressive,28,0,0,1,1
1464,51,Middle,Underground Battler,77,0,51,0,Aggressive,29,0,0,1,1
1465,13,Middle,Nurse,25,0,79,0,Defensive,20,0,1,0,0
1466,50,Middle,Gym Leader Assistant,6,0,22,0,Unpredictable,22,0,1,0,0
1467,21,Low,Fisherman,40,0,64,0,Defensive,10,1,1,1,1
1468,18,Low,Researcher,33,0,85,0,Defensive,17,0,1,0,0
1469,20,Middle,Breeder,24,0,39,0,Defensive,4,0,1,0,0
1470,13,High,Breeder,42,0,54,0,Aggressive,12,1,1,1,1
1471,51,Middle,Scientist,38,1,66,0,Unpredictable,22,0,0,1,0
1472,67,Middle,Police Officer,84,0,49,0,Unpredictable,3,0,1,0,0
1473,24,High,Scientist,57,0,79,0,Defensive,20,0,1,0,0
1474,61,Middle,Champion,61,0,84,0,Defensive,3,0,1,0,0
1475,38,Middle,Rocket Grunt,21,0,81,0,Defensive,10,1,0,1,0
1476,26,Middle,Rocket Grunt,90,0,81,0,Unpredictable,9,0,1,0,0
1477,44,High,Elite Trainer,39,0,74,0,Aggressive,6,0,1,0,0
1478,21,Low,Daycare Worker,72,0,84,0,Aggressive,8,0,1,0,0
1479,47,Middle,Daycare Worker,34,0,43,0,Unpredictable,10,0,1,0,0
1480,50,Low,Scientist,45,0,67,0,Defensive,13,0,1,1,1
1481,58,Middle,Researcher,58,0,66,0,Unpredictable,25,0,1,0,0
1482,26,Middle,Fisherman,66,0,49,0,Defensive,11,0,1,0,0
1483,69,Middle,Elite Trainer,12,0,50,0,Defensive,6,0,1,0,0
1484,17,Middle,Fisherman,51,0,46,0,Aggressive,3,0,1,0,0
1485,35,Middle,Elite Trainer,46,1,39,0,Aggressive,28,0,0,1,1
1486,69,Middle,PokéMart Seller,26,0,29,0,Aggressive,9,0,1,0,0
1487,55,Middle,Daycare Worker,19,0,38,0,Defensive,6,0,1,0,0
1488,16,Middle,Scientist,56,0,22,0,Unpredictable,12,0,1,0,0
1489,60,Middle,Biker,16,0,75,0,Aggressive,9,0,1,0,0
1490,67,Low,Gym Leader Assistant,14,1,54,0,Defensive,5,0,1,1,1
1491,31,Middle,Casino Worker,56,0,30,0,Unpredictable,21,0,1,0,0
1492,61,Low,Rocket Grunt,86,0,79,0,Defensive,17,0,1,0,0
1493,49,Middle,Daycare Worker,55,0,23,0,Defensive,23,0,1,0,0
1494,54,Middle,Casino Worker,82,0,80,0,Aggressive,0,0,1,0,0
1495,27,Middle,Daycare Worker,42,0,56,0,Defensive,6,0,1,0,0
1496,63,Low,Breeder,95,0,62,0,Unpredictable,14,0,1,0,0
1497,49,High,Biker,92,0,38,0,Aggressive,3,0,1,0,0
1498,38,Low,PokéMart Seller,5,0,60,0,Aggressive,2,0,1,0,0
1499,43,Middle,Elite Trainer,10,0,27,0,Aggressive,23,0,1,0,0
1500,46,Middle,Champion,64,0,66,0,Defensive,5,0,1,0,0
1501,20,Middle,Breeder,77,0,62,0,Unpredictable,8,0,1,0,0
1502,25,Middle,Underground Battler,37,0,41,0,Aggressive,21,0,1,0,0
1503,54,Low,Breeder,9,0,51,0,Defensive,16,0,1,0,0
1504,41,Low,Rocket Grunt,60,0,63,0,Unpredictable,22,0,1,0,0
1505,67,Middle,Researcher,39,0,73,0,Aggressive,19,0,1,0,0
1506,28,High,Champion,28,0,30,0,Aggressive,21,0,1,0,0
1507,49,Middle,Scientist,48,0,49,0,Aggressive,4,0,1,0,0
1508,51,High,Black Market Dealer,11,0,49,0,Unpredictable,17,0,1,0,0
1509,16,Low,Elite Trainer,77,0,27,0,Defensive,19,0,1,0,0
1510,11,High,Biker,28,1,68,0,Unpredictable,19,0,0,1,1
1511,18,Middle,Fisherman,23,0,35,0,Defensive,17,1,1,1,1
1512,39,High,Daycare Worker,20,0,60,0,Unpredictable,21,0,1,0,0
1513,55,Middle,PokéMart Seller,97,0,23,0,Defensive,11,0,1,0,0
1514,38,Middle,Researcher,21,0,62,0,Unpredictable,15,0,0,1,1
1515,41,High,Scientist,96,0,25,0,Defensive,13,0,1,0,0
1516,68,Low,Breeder,24,0,53,0,Aggressive,5,0,1,0,0
1517,44,High,Gym Leader Assistant,31,1,46,0,Aggressive,28,0,0,1,0
1518,55,Low,PokéMart Seller,77,0,55,0,Unpredictable,12,0,1,0,0
1519,33,Middle,Black Market Dealer,67,0,24,0,Aggressive,6,0,1,0,0
1520,22,Middle,Daycare Worker,89,1,47,0,Aggressive,6,0,0,1,1
1521,52,Middle,Nurse,84,0,61,0,Unpredictable,22,0,1,0,0
1522,36,Middle,Rocket Grunt,45,0,78,0,Defensive,16,0,1,0,0
1523,63,Low,Rocket Grunt,11,0,30,0,Unpredictable,4,0,1,0,0
1524,21,Low,Underground Battler,43,0,70,0,Unpredictable,7,0,1,0,0
1525,44,Low,Champion,28,0,82,0,Aggressive,14,0,1,0,0
1526,70,Middle,Daycare Worker,54,0,76,0,Aggressive,25,0,1,0,0
1527,42,Middle,Elite Trainer,80,0,59,0,Defensive,6,0,1,0,0
1528,69,Low,Biker,18,0,62,0,Defensive,13,0,1,0,0
1529,28,Low,Daycare Worker,41,0,69,0,Aggressive,5,0,1,0,0
1530,37,Middle,Police Officer,16,0,31,0,Aggressive,17,0,1,0,0
1531,26,Low,Police Officer,71,0,78,0,Aggressive,22,0,1,0,0
1532,49,Low,Champion,39,0,25,0,Unpredictable,24,0,1,0,0
1533,70,Low,Biker,68,0,31,0,Defensive,15,0,1,0,0
1534,35,Middle,Breeder,56,0,31,0,Unpredictable,9,0,1,1,1
1535,47,High,Scientist,9,0,28,0,Unpredictable,12,0,1,0,0
1536,13,Middle,Researcher,81,0,78,0,Defensive,0,0,1,0,0
1537,25,Low,Gym Leader Assistant,57,0,70,0,Unpredictable,4,0,1,0,0
1538,54,High,Rocket Grunt,7,0,33,0,Unpredictable,19,0,1,0,0
1539,20,Low,Elite Trainer,71,0,76,0,Aggressive,9,0,1,0,0
1540,17,Low,Nurse,63,0,55,0,Unpredictable,12,0,1,0,0
1541,35,Middle,Daycare Worker,90,0,24,0,Aggressive,3,0,1,0,0
1542,69,High,Rocket Grunt,9,0,24,0,Defensive,9,0,1,0,0
1543,35,Low,Gym Leader Assistant,83,0,47,0,Unpredictable,24,0,1,0,0
1544,61,Low,Scientist,7,0,30,0,Defensive,1,0,1,0,0
1545,63,Low,Champion,96,0,49,0,Unpredictable,6,0,1,0,0
1546,19,Low,Police Officer,62,0,35,0,Unpredictable,14,0,1,1,1
1547,51,Low,Casino Worker,39,0,70,0,Unpredictable,24,0,1,0,0
1548,26,Low,Researcher,6,0,29,0,Defensive,10,0,1,0,0
1549,59,Low,Underground Battler,93,0,44,0,Unpredictable,11,0,1,0,0
1550,44,Middle,Scientist,51,0,57,0,Aggressive,17,0,0,1,1
1551,58,High,Casino Worker,17,0,39,0,Aggressive,14,0,1,0,0
1552,70,Low,Casino Worker,49,0,24,0,Unpredictable,22,0,1,0,0
1553,10,Low,Nurse,7,0,74,0,Unpredictable,10,0,1,0,0
1554,37,Low,Rocket Grunt,83,0,52,0,Defensive,21,0,1,0,0
1555,24,Low,Biker,83,0,31,0,Unpredictable,0,0,1,0,0
1556,15,Low,Gym Leader Assistant,88,0,64,0,Unpredictable,21,0,1,0,0
1557,10,Middle,Champion,52,0,27,0,Defensive,18,0,1,0,0
1558,23,Middle,Breeder,14,0,21,0,Defensive,8,0,1,0,0
1559,69,Middle,Casino Worker,75,0,66,0,Unpredictable,16,0,1,0,0
1560,36,Low,Black Market Dealer,46,0,37,0,Defensive,24,1,0,1,1
1561,39,Low,Elite Trainer,75,0,71,0,Aggressive,1,0,1,0,0
1562,45,Low,Nurse,11,0,72,0,Defensive,6,0,1,0,0
1563,35,Middle,Daycare Worker,49,0,65,0,Defensive,2,0,1,0,0
1564,24,Low,Gym Leader Assistant,23,0,48,0,Defensive,5,0,1,0,0
1565,50,Middle,Nurse,20,0,85,0,Aggressive,14,0,1,0,0
1566,32,Low,Breeder,93,0,76,0,Unpredictable,3,0,1,0,0
1567,47,Middle,Researcher,77,0,26,0,Defensive,13,0,1,0,0
1568,44,High,Black Market Dealer,20,0,34,0,Defensive,16,0,1,0,0
1569,48,Middle,Police Officer,27,0,37,0,Aggressive,17,0,1,0,0
1570,31,High,Gym Leader Assistant,68,1,83,0,Aggressive,15,1,0,1,0
1571,44,Middle,Gym Leader Assistant,10,0,27,0,Aggressive,19,0,1,0,0
1572,32,Low,Researcher,54,0,76,0,Aggressive,22,0,0,1,1
1573,39,Low,Gym Leader Assistant,83,0,75,0,Unpredictable,13,0,1,0,0
1574,68,Low,Black Market Dealer,77,0,26,0,Unpredictable,19,0,1,0,0
1575,33,High,Underground Battler,88,0,70,1,Unpredictable,9,1,0,1,1
1576,34,Low,Casino Worker,97,1,72,0,Aggressive,11,1,0,1,1
1577,43,Low,Casino Worker,60,0,71,0,Unpredictable,7,0,1,0,0
1578,49,Middle,Researcher,37,0,83,0,Aggressive,24,0,1,0,0
1579,24,Middle,Black Market Dealer,29,0,51,0,Aggressive,9,0,1,0,0
1580,35,Low,PokéMart Seller,77,0,34,0,Defensive,13,0,1,0,0
1581,70,Middle,Biker,81,0,55,0,Unpredictable,6,0,1,0,0
1582,48,Middle,Breeder,54,0,36,0,Defensive,9,0,1,0,0
1583,49,Middle,Nurse,21,1,37,0,Aggressive,16,1,1,1,0
1584,11,Middle,Black Market Dealer,92,0,20,0,Unpredictable,23,0,1,0,0
1585,53,Middle,Casino Worker,92,0,71,0,Unpredictable,1,0,1,0,0
1586,65,Low,Scientist,66,1,54,0,Defensive,3,0,1,1,1
1587,54,Low,PokéMart Seller,77,0,85,0,Aggressive,2,0,1,0,0
1588,30,Low,Daycare Worker,63,0,65,0,Defensive,22,0,1,0,0
1589,43,Low,Fisherman,89,0,54,0,Defensive,6,0,1,0,0
1590,16,Low,Breeder,19,0,52,0,Unpredictable,11,0,1,0,0
1591,18,High,Champion,91,0,69,0,Defensive,25,0,1,0,0
1592,17,Low,Breeder,58,1,55,0,Aggressive,4,1,1,1,1
1593,67,Low,Nurse,92,0,64,0,Aggressive,30,0,0,1,1
1594,13,Low,Daycare Worker,14,0,81,0,Unpredictable,15,0,1,0,0
1595,52,High,Biker,58,0,85,0,Aggressive,3,0,1,0,0
1596,46,Low,Daycare Worker,8,0,55,0,Aggressive,15,0,1,0,0
1597,50,High,PokéMart Seller,42,0,76,0,Unpredictable,4,0,1,0,0
1598,13,Middle,Elite Trainer,19,0,59,0,Unpredictable,1,0,1,0,0
1599,24,Low,Biker,26,0,54,0,Defensive,24,0,1,0,0
1600,50,Middle,Police Officer,27,1,33,0,Aggressive,14,0,0,1,1
1601,19,High,Researcher,57,0,31,0,Defensive,19,0,1,0,0
1602,44,Low,Police Officer,58,1,85,0,Defensive,24,0,0,1,1
1603,52,Low,Breeder,21,0,67,0,Aggressive,2,0,1,0,0
1604,44,Middle,Underground Battler,81,0,27,0,Unpredictable,16,0,1,0,0
1605,33,Low,Underground Battler,80,0,35,0,Defensive,17,0,1,0,0
1606,54,Middle,Nurse,21,0,39,0,Aggressive,20,0,1,0,0
1607,12,Low,Rocket Grunt,33,0,49,0,Unpredictable,25,0,1,0,0
1608,20,Middle,Breeder,35,0,26,0,Aggressive,23,0,1,0,0
1609,30,Low,Biker,73,0,67,0,Unpredictable,10,0,1,0,0
1610,38,Middle,Elite Trainer,68,0,57,0,Aggressive,20,0,1,0,0
1611,19,Low,Daycare Worker,27,0,79,0,Defensive,6,0,1,0,0
1612,47,Low,Black Market Dealer,71,0,63,0,Defensive,3,0,1,0,0
1613,52,Low,Black Market Dealer,37,0,49,0,Defensive,25,0,1,0,0
1614,18,Middle,Daycare Worker,12,0,36,0,Aggressive,20,0,1,0,0
1615,37,Low,Breeder,50,0,53,0,Defensive,8,0,1,0,0
1616,67,Low,Elite Trainer,15,1,42,0,Defensive,10,0,0,1,1
1617,59,High,Casino Worker,11,0,54,0,Unpredictable,25,0,1,0,0
1618,21,Middle,Biker,79,0,30,0,Aggressive,20,0,1,0,0
1619,11,Middle,Rocket Grunt,100,0,50,0,Defensive,20,0,1,0,0
1620,70,Middle,PokéMart Seller,30,1,59,0,Aggressive,22,1,0,1,1
1621,56,Middle,Scientist,18,0,25,0,Defensive,12,0,1,0,0
1622,60,Low,Police Officer,21,0,67,0,Aggressive,25,0,1,0,0
1623,62,Middle,Gym Leader Assistant,56,0,59,0,Defensive,25,0,1,0,0
1624,26,High,Underground Battler,74,0,50,0,Unpredictable,22,0,1,0,0
1625,15,Middle,Scientist,87,0,79,0,Defensive,7,0,1,0,0
1626,65,Low,Gym Leader Assistant,94,0,58,0,Defensive,24,0,1,0,0
1627,18,Middle,Nurse,54,0,71,0,Defensive,8,0,1,0,0
1628,10,Low,Underground Battler,59,0,35,0,Unpredictable,21,0,1,0,0
1629,60,Low,Researcher,12,0,63,0,Defensive,9,0,1,0,0
1630,67,Middle,Fisherman,71,0,71,0,Aggressive,3,0,1,0,0
1631,30,High,Champion,45,0,36,0,Defensive,11,0,1,0,0
1632,45,Low,Underground Battler,75,0,28,0,Aggressive,24,0,1,0,0
1633,60,Low,Scientist,23,0,21,0,Aggressive,7,0,1,0,0
1634,45,Middle,Champion,43,0,70,0,Unpredictable,24,0,1,0,0
1635,39,Low,Researcher,11,0,60,0,Defensive,16,0,1,0,0
1636,24,High,PokéMart Seller,30,0,60,0,Unpredictable,18,0,1,0,0
1637,16,Middle,Daycare Worker,52,0,27,0,Aggressive,24,0,1,0,0
1638,66,Middle,PokéMart Seller,77,0,44,0,Unpredictable,19,0,1,0,0
1639,55,High,Researcher,95,0,80,0,Aggressive,3,0,1,0,0
1640,19,Low,Police Officer,49,0,43,0,Defensive,8,0,1,0,0
1641,15,Middle,Champion,98,0,76,0,Aggressive,15,0,1,0,0
1642,49,Middle,Gym Leader Assistant,30,0,71,0,Defensive,27,0,0,1,1
1643,28,Low,Casino Worker,20,0,49,0,Aggressive,0,0,1,0,0
1644,34,Middle,PokéMart Seller,26,0,81,0,Defensive,20,0,1,0,0
1645,15,Middle,Gym Leader Assistant,80,0,66,0,Unpredictable,7,0,1,0,0
1646,51,Middle,Fisherman,23,0,36,0,Aggressive,9,0,1,0,0
1647,28,Middle,Nurse,53,0,36,0,Aggressive,17,0,1,0,0
1648,16,Low,Gym Leader Assistant,84,0,70,0,Unpredictable,15,0,1,0,0
1649,59,Low,PokéMart Seller,6,0,37,0,Defensive,17,0,1,0,0
1650,37,Middle,Daycare Worker,47,0,56,0,Defensive,14,0,0,1,1
1651,37,High,Nurse,35,0,59,0,Aggressive,25,1,0,1,1
1652,44,Middle,Biker,53,0,51,0,Defensive,2,0,1,0,0
1653,44,Middle,Nurse,90,0,42,0,Unpredictable,3,0,1,0,0
1654,64,Middle,Daycare Worker,26,0,79,0,Unpredictable,25,0,0,1,0
1655,43,Low,Researcher,28,0,46,0,Aggressive,6,0,1,0,0
1656,20,Middle,Fisherman,21,0,44,0,Aggressive,1,0,1,0,0
1657,57,Low,Daycare Worker,19,0,56,0,Unpredictable,20,0,1,0,0
1658,56,Low,Biker,90,0,84,0,Defensive,18,0,1,0,0
1659,68,Low,PokéMart Seller,48,0,48,0,Unpredictable,12,0,1,0,0
1660,65,High,Champion,67,0,25,0,Unpredictable,23,0,1,0,0
1661,19,Low,Casino Worker,15,0,54,0,Aggressive,20,0,1,0,0
1662,41,Middle,Elite Trainer,16,0,38,0,Unpredictable,13,0,1,0,0
1663,69,Middle,Elite Trainer,67,0,36,0,Unpredictable,1,0,1,0,0
1664,13,Middle,Underground Battler,77,0,42,0,Aggressive,19,0,1,0,0
1665,15,High,Elite Trainer,45,1,83,0,Defensive,6,0,0,1,1
1666,51,Middle,Casino Worker,77,0,73,1,Unpredictable,26,0,0,1,0
1667,24,Middle,Daycare Worker,17,0,37,0,Defensive,3,0,1,0,0
1668,69,Low,PokéMart Seller,27,0,21,0,Defensive,20,0,1,0,0
1669,41,Low,Champion,11,0,61,0,Aggressive,19,0,1,0,0
1670,15,Middle,Researcher,92,0,44,0,Defensive,17,0,1,0,0
1671,25,Low,Casino Worker,61,0,27,0,Unpredictable,20,0,1,0,0
1672,21,Middle,Black Market Dealer,85,1,55,0,Aggressive,16,0,0,1,0
1673,70,Low,Rocket Grunt,96,0,41,0,Unpredictable,14,0,1,0,0
1674,67,Low,Nurse,58,0,81,0,Aggressive,21,0,1,0,0
1675,66,Middle,Scientist,15,0,79,0,Unpredictable,16,0,1,0,0
1676,32,Middle,Police Officer,59,0,74,0,Unpredictable,5,0,1,0,0
1677,24,Low,PokéMart Seller,100,0,44,0,Defensive,1,0,1,0,0
1678,55,Middle,Police Officer,6,0,34,0,Aggressive,15,0,1,0,0
1679,25,Middle,Elite Trainer,68,0,64,0,Defensive,4,0,1,0,0
1680,61,Middle,Champion,79,0,71,0,Defensive,22,0,1,0,0
1681,20,Low,Black Market Dealer,31,0,55,0,Defensive,13,0,1,0,0
1682,15,Low,Nurse,20,0,70,0,Aggressive,19,0,1,0,0
1683,59,Middle,Casino Worker,43,0,38,0,Defensive,17,0,1,0,0
1684,54,Low,Nurse,73,0,30,0,Aggressive,19,0,1,0,0
1685,35,High,PokéMart Seller,99,0,36,0,Aggressive,10,0,1,1,0
1686,13,High,Breeder,93,0,63,0,Unpredictable,8,0,1,0,0
1687,36,Low,Police Officer,41,1,67,0,Unpredictable,5,1,0,1,1
1688,51,Middle,Fisherman,36,0,32,0,Defensive,2,0,1,0,0
1689,60,Low,PokéMart Seller,27,0,26,0,Defensive,11,0,1,0,0
1690,20,High,Rocket Grunt,80,0,80,0,Aggressive,3,0,1,0,0
1691,58,Middle,Scientist,60,0,45,0,Aggressive,16,0,1,0,0
1692,44,Middle,Daycare Worker,35,0,68,0,Unpredictable,11,0,1,0,0
1693,25,High,Fisherman,25,0,50,0,Aggressive,19,0,1,0,0
1694,18,Low,Black Market Dealer,65,0,44,0,Unpredictable,6,0,1,0,0
1695,10,Low,Casino Worker,7,0,42,0,Aggressive,19,0,1,0,0
1696,58,Middle,Gym Leader Assistant,37,0,23,0,Unpredictable,14,0,1,0,0
1697,42,Low,Rocket Grunt,98,0,84,0,Aggressive,8,0,1,0,0
1698,66,High,Biker,54,0,41,1,Aggressive,10,1,0,1,1
1699,49,Low,Casino Worker,51,0,23,0,Aggressive,23,0,1,0,0
1700,43,Low,Biker,30,0,76,0,Defensive,20,0,1,0,0
1701,48,Middle,Scientist,37,0,22,0,Defensive,8,0,1,0,0
1702,24,High,PokéMart Seller,28,0,67,0,Unpredictable,6,0,1,0,0
1703,65,High,Breeder,13,0,78,0,Aggressive,10,0,1,0,0
1704,42,Middle,PokéMart Seller,21,0,34,0,Defensive,7,0,1,0,0
1705,66,High,Police Officer,73,0,85,0,Aggressive,14,0,1,0,0
1706,27,Middle,Black Market Dealer,35,0,78,0,Unpredictable,14,1,1,1,1
1707,51,Middle,Police Officer,74,0,82,0,Unpredictable,17,0,1,0,0
1708,12,Middle,Casino Worker,21,0,47,0,Defensive,10,0,1,0,0
1709,61,High,Nurse,11,1,72,0,Aggressive,20,0,0,1,1
1710,67,Low,Underground Battler,54,0,26,0,Aggressive,3,0,1,0,0
1711,38,Middle,Scientist,81,0,20,0,Defensive,24,0,1,0,0
1712,21,Middle,Underground Battler,7,0,24,0,Defensive,24,0,1,0,0
1713,51,Middle,Scientist,29,0,65,0,Defensive,12,0,1,0,0
1714,16,Middle,Gym Leader Assistant,51,0,67,0,Defensive,24,0,1,0,0
1715,37,Middle,Nurse,5,0,54,0,Defensive,17,0,1,0,0
1716,10,Middle,Researcher,18,0,83,0,Defensive,14,0,1,0,0
1717,22,Low,Biker,50,1,82,0,Defensive,5,1,0,1,1
1718,43,Middle,Underground Battler,20,0,41,0,Unpredictable,17,0,1,0,0
1719,39,Low,PokéMart Seller,12,0,41,0,Aggressive,18,0,1,0,0
1720,17,Low,Rocket Grunt,29,0,58,0,Defensive,25,0,1,0,0
1721,23,High,Elite Trainer,7,0,21,0,Unpredictable,9,0,1,0,0
1722,20,Middle,Scientist,11,0,88,0,Aggressive,16,0,0,1,1
1723,28,High,Police Officer,33,0,70,0,Defensive,24,0,1,0,0
1724,40,Low,Underground Battler,15,0,67,0,Defensive,12,0,1,0,0
1725,48,Low,PokéMart Seller,62,0,29,0,Aggressive,16,0,1,0,0
1726,28,Middle,Champion,69,0,40,0,Aggressive,1,0,1,0,0
1727,13,Low,Elite Trainer,56,0,59,0,Aggressive,4,0,1,0,0
1728,29,Middle,Police Officer,6,0,70,0,Aggressive,17,0,1,0,0
1729,11,Low,Nurse,93,0,47,0,Unpredictable,13,0,1,0,0
1730,26,Middle,Breeder,72,0,82,0,Unpredictable,8,0,1,0,0
1731,19,Low,Champion,59,0,57,0,Unpredictable,26,1,1,1,1
1732,30,Middle,Daycare Worker,50,0,49,0,Unpredictable,3,0,1,0,0
1733,66,Middle,Casino Worker,28,0,40,0,Defensive,7,0,1,0,0
1734,38,Middle,Biker,82,0,42,0,Unpredictable,3,0,1,0,0
1735,16,Middle,Casino Worker,52,0,47,0,Defensive,10,0,1,0,0
1736,54,Middle,Daycare Worker,62,0,87,0,Unpredictable,3,1,1,1,0
1737,21,Middle,Police Officer,92,0,50,0,Defensive,9,0,1,0,0
1738,32,Low,Underground Battler,25,0,51,0,Unpredictable,23,0,1,0,0
1739,62,Low,Scientist,97,0,69,1,Aggressive,14,0,0,1,1
1740,51,Middle,Casino Worker,74,0,30,0,Aggressive,11,0,1,0,0
1741,37,Middle,Gym Leader Assistant,69,0,40,0,Aggressive,6,0,0,1,1
1742,28,Low,Breeder,14,0,54,0,Unpredictable,18,0,1,0,0
1743,17,Middle,Champion,51,0,46,0,Unpredictable,3,0,1,0,0
1744,34,Low,Black Market Dealer,86,0,60,0,Unpredictable,10,0,1,0,0
1745,52,High,Underground Battler,55,0,78,0,Defensive,1,0,1,0,0
1746,69,Low,Biker,77,0,50,0,Aggressive,25,0,1,0,0
1747,68,Middle,Daycare Worker,48,0,74,0,Aggressive,2,0,1,0,0
1748,68,Middle,Nurse,84,0,46,0,Defensive,5,0,1,0,0
1749,57,Middle,Breeder,77,0,62,0,Aggressive,14,0,1,0,0
1750,36,Middle,Scientist,10,0,26,0,Defensive,19,0,1,0,0
1751,67,High,Researcher,87,0,76,0,Aggressive,6,0,1,0,0
1752,21,Middle,Casino Worker,54,0,44,0,Aggressive,14,0,1,0,0
1753,20,Low,Scientist,22,1,40,0,Aggressive,16,0,1,1,1
1754,48,High,Biker,58,0,42,0,Aggressive,2,0,1,0,0
1755,63,Low,Black Market Dealer,40,0,77,0,Aggressive,2,0,1,0,0
1756,45,High,Researcher,47,0,72,0,Unpredictable,22,0,1,0,0
1757,15,Low,Breeder,20,0,61,0,Defensive,2,0,1,0,0
1758,58,High,Biker,56,0,23,0,Unpredictable,6,0,1,0,0
1759,30,Middle,Breeder,10,0,69,0,Defensive,9,0,1,0,0
1760,57,Middle,Casino Worker,55,0,49,0,Aggressive,22,0,1,0,0
1761,66,Low,Researcher,91,0,36,0,Defensive,24,0,1,0,0
1762,62,Low,Champion,7,0,77,0,Aggressive,5,1,0,1,1
1763,13,Middle,Casino Worker,100,0,87,0,Unpredictable,8,0,1,1,0
1764,62,Middle,Gym Leader Assistant,62,0,67,0,Defensive,13,0,1,0,0
1765,25,Low,Researcher,56,0,68,0,Aggressive,20,0,1,0,0
1766,67,Low,Scientist,67,0,45,0,Defensive,26,0,0,1,1
1767,45,Low,Black Market Dealer,100,0,66,0,Aggressive,10,0,1,0,0
1768,68,Low,Underground Battler,72,0,55,0,Unpredictable,17,0,1,0,0
1769,52,Middle,Underground Battler,39,0,52,0,Defensive,20,0,1,0,0
1770,40,Low,Black Market Dealer,99,0,39,0,Aggressive,16,0,1,0,0
1771,66,Middle,Scientist,83,0,61,0,Unpredictable,24,0,1,0,0
1772,59,Middle,Biker,95,1,79,1,Aggressive,25,1,0,1,1
1773,40,Low,Black Market Dealer,59,0,60,0,Unpredictable,9,0,1,0,0
1774,43,Low,Researcher,25,0,50,0,Unpredictable,14,0,1,0,0
1775,26,Middle,Scientist,20,0,57,0,Aggressive,16,0,1,0,0
1776,32,Middle,PokéMart Seller,39,0,32,0,Unpredictable,18,0,1,0,0
1777,61,Low,Biker,29,0,49,0,Defensive,20,0,1,0,0
1778,35,Middle,Researcher,25,0,47,0,Unpredictable,8,0,1,0,0
1779,67,Low,Gym Leader Assistant,70,0,45,0,Aggressive,17,0,1,0,0
1780,52,Middle,Black Market Dealer,9,0,32,0,Aggressive,19,0,1,0,0
1781,57,Low,Rocket Grunt,58,0,57,0,Unpredictable,25,0,1,0,0
1782,12,Middle,Underground Battler,40,0,32,0,Unpredictable,9,0,1,0,0
1783,45,Low,Police Officer,60,0,83,0,Unpredictable,12,0,1,0,0
1784,46,Middle,Casino Worker,22,0,42,0,Defensive,14,0,1,0,0
1785,61,Middle,PokéMart Seller,47,0,33,0,Defensive,11,1,1,1,1
1786,59,Middle,PokéMart Seller,56,0,41,0,Aggressive,22,0,1,0,0
1787,41,Middle,PokéMart Seller,52,0,76,0,Defensive,12,0,1,0,0
1788,55,Middle,Elite Trainer,23,0,74,0,Defensive,4,0,1,0,0
1789,61,Middle,Fisherman,90,0,64,0,Aggressive,4,0,1,0,0
1790,29,Low,Champion,31,0,29,0,Defensive,8,0,1,0,0
1791,38,Middle,Biker,27,0,21,0,Aggressive,20,0,1,0,0
1792,49,Middle,Scientist,100,0,49,0,Defensive,15,0,1,0,0
1793,22,Middle,Biker,22,0,74,0,Unpredictable,20,0,1,0,0
1794,50,Low,PokéMart Seller,16,0,77,0,Aggressive,8,0,1,0,0
1795,41,Middle,Police Officer,48,0,68,0,Unpredictable,25,0,1,0,0
1796,35,Middle,Breeder,88,0,47,0,Aggressive,18,0,1,0,0
1797,68,Low,Black Market Dealer,93,0,42,0,Aggressive,0,0,1,0,0
1798,24,High,Biker,12,0,82,0,Aggressive,9,0,1,0,0
1799,58,Middle,Nurse,66,0,31,0,Aggressive,15,0,1,0,0
1800,64,Middle,Champion,18,0,28,0,Unpredictable,5,0,1,0,0
1801,31,Low,Daycare Worker,15,0,35,0,Defensive,13,0,1,0,0
1802,24,Middle,Black Market Dealer,52,0,69,0,Unpredictable,1,0,1,0,0
1803,45,Middle,Scientist,58,0,62,0,Aggressive,9,0,1,0,0
1804,54,Middle,Champion,73,0,22,0,Aggressive,7,0,1,0,0
1805,45,High,Breeder,15,0,25,0,Defensive,18,0,1,0,0
1806,51,Middle,Champion,35,0,73,0,Defensive,24,0,1,0,0
1807,53,High,Breeder,54,1,85,0,Aggressive,5,0,0,1,1
1808,57,Low,Fisherman,97,0,49,0,Unpredictable,23,0,1,0,0
1809,18,High,Breeder,88,0,68,0,Aggressive,3,0,1,0,0
1810,53,Middle,Nurse,20,0,50,0,Defensive,0,0,1,0,0
1811,34,Middle,Scientist,71,0,34,0,Unpredictable,13,0,1,0,0
1812,68,Middle,Rocket Grunt,51,0,51,0,Unpredictable,5,0,1,0,0
1813,49,Middle,Gym Leader Assistant,94,1,72,0,Unpredictable,7,0,1,1,0
1814,56,Middle,Daycare Worker,7,1,54,0,Defensive,28,0,0,1,1
1815,29,Middle,Elite Trainer,8,0,60,0,Unpredictable,12,0,1,0,0
1816,17,Middle,Scientist,89,0,46,0,Unpredictable,17,0,1,0,0
1817,40,Middle,Champion,64,0,57,0,Defensive,21,0,1,0,0
1818,13,Middle,Gym Leader Assistant,7,0,25,0,Aggressive,1,0,1,0,0
1819,15,Low,Breeder,15,0,66,0,Unpredictable,23,1,0,1,1
1820,55,Low,Police Officer,12,0,62,0,Unpredictable,13,0,1,0,0
1821,43,High,Researcher,100,0,44,0,Defensive,7,0,1,0,0
1822,32,Middle,Nurse,77,0,85,0,Defensive,23,0,1,0,0
1823,15,Low,Underground Battler,30,0,46,0,Aggressive,25,0,1,0,0
1824,21,Middle,PokéMart Seller,54,0,85,0,Defensive,16,1,0,1,0
1825,53,Middle,Rocket Grunt,32,0,53,0,Unpredictable,29,0,1,1,0
1826,14,Middle,Nurse,15,0,23,0,Defensive,19,0,1,0,0
1827,46,High,Underground Battler,58,0,69,0,Defensive,13,0,1,0,0
1828,58,High,Scientist,38,0,73,0,Aggressive,7,0,1,0,0
1829,48,Middle,Champion,99,0,31,0,Defensive,12,0,1,0,0
1830,58,Low,Researcher,21,0,20,0,Aggressive,4,0,1,0,0
1831,61,Low,Daycare Worker,31,0,28,0,Defensive,12,0,1,0,0
1832,45,High,Researcher,9,0,77,0,Unpredictable,16,0,1,0,0
1833,18,Middle,Champion,33,0,23,0,Aggressive,17,0,1,0,0
1834,32,Low,Police Officer,58,1,47,0,Defensive,26,0,0,1,1
1835,66,Middle,Black Market Dealer,20,0,27,0,Unpredictable,8,0,1,0,0
1836,44,Middle,Nurse,91,0,84,0,Unpredictable,14,0,1,0,0
1837,38,Middle,Scientist,41,0,34,0,Aggressive,16,0,1,0,0
1838,51,Low,Rocket Grunt,88,0,35,0,Unpredictable,1,0,1,0,0
1839,62,Low,Gym Leader Assistant,48,0,32,0,Aggressive,4,0,1,0,0
1840,67,Middle,Rocket Grunt,23,0,38,0,Defensive,16,0,1,1,0
1841,52,Middle,Police Officer,47,0,24,0,Unpredictable,22,0,1,0,0
1842,36,Low,Researcher,64,0,54,0,Unpredictable,7,0,1,0,0
1843,32,Middle,Nurse,57,0,77,0,Unpredictable,22,0,1,0,0
1844,62,Low,Daycare Worker,31,0,27,0,Aggressive,24,0,1,0,0
1845,46,Middle,PokéMart Seller,90,0,57,0,Aggressive,23,1,0,1,0
1846,30,Middle,Casino Worker,82,0,39,0,Unpredictable,23,0,1,0,0
1847,54,Low,Scientist,28,0,37,0,Aggressive,4,0,1,0,0
1848,28,Low,Police Officer,37,0,59,0,Aggressive,5,0,1,0,0
1849,44,High,Elite Trainer,88,0,35,0,Unpredictable,19,0,0,1,1
1850,35,Middle,Nurse,93,0,32,0,Defensive,19,0,1,0,0
1851,17,Middle,Scientist,81,1,59,0,Unpredictable,20,0,1,1,1
1852,24,Low,PokéMart Seller,17,0,56,0,Defensive,10,0,1,0,0
1853,62,Middle,Casino Worker,36,0,54,0,Aggressive,22,0,1,0,0
1854,41,Low,Biker,51,0,44,0,Defensive,0,0,1,0,0
1855,33,Middle,Elite Trainer,96,0,32,0,Defensive,20,0,1,0,0
1856,22,High,Casino Worker,13,0,66,0,Unpredictable,25,0,1,0,0
1857,20,Middle,Biker,57,0,68,0,Unpredictable,25,0,1,0,0
1858,65,Middle,Nurse,70,0,52,0,Defensive,5,0,1,0,0
1859,15,Middle,Casino Worker,93,0,40,0,Defensive,17,0,1,0,0
1860,47,Low,Daycare Worker,60,0,50,0,Aggressive,22,0,1,0,0
1861,58,High,Fisherman,42,0,31,0,Defensive,14,0,1,0,0
1862,50,Middle,Daycare Worker,30,0,82,0,Aggressive,6,0,1,0,0
1863,63,Middle,Scientist,52,1,76,0,Aggressive,19,1,0,1,1
1864,50,Middle,Champion,100,0,46,0,Aggressive,3,0,1,0,0
1865,51,Low,Champion,78,0,67,0,Aggressive,5,0,1,0,0
1866,22,High,Champion,56,0,21,0,Defensive,9,0,1,0,0
1867,15,Middle,Fisherman,30,0,62,0,Unpredictable,25,0,1,0,0
1868,54,High,Daycare Worker,19,0,20,0,Unpredictable,1,0,1,0,0
1869,25,Low,Fisherman,50,0,48,0,Defensive,11,0,1,0,0
1870,52,Low,Gym Leader Assistant,91,0,78,0,Unpredictable,25,0,1,0,0
1871,33,Low,Scientist,29,0,77,0,Aggressive,8,0,1,0,0
1872,58,Low,Daycare Worker,13,1,78,1,Unpredictable,24,0,1,1,1
1873,32,Low,Underground Battler,60,0,58,0,Aggressive,29,0,0,1,0
1874,67,Low,Biker,99,0,20,0,Defensive,11,0,1,0,0
1875,20,Middle,Nurse,70,0,58,0,Aggressive,0,0,1,0,0
1876,27,Middle,Daycare Worker,8,1,69,0,Unpredictable,21,1,0,1,1
1877,60,High,Fisherman,5,0,38,0,Aggressive,15,0,1,0,0
1878,58,Low,PokéMart Seller,19,0,69,0,Unpredictable,4,0,1,0,0
1879,19,Middle,Champion,20,0,82,0,Unpredictable,16,0,1,0,0
1880,22,Low,Casino Worker,47,1,82,0,Defensive,20,1,0,1,1
1881,24,Middle,Fisherman,80,0,42,0,Unpredictable,11,0,1,0,0
1882,47,Middle,Casino Worker,94,0,61,0,Aggressive,13,0,1,0,0
1883,70,Middle,Nurse,24,0,32,0,Defensive,8,0,1,0,0
1884,21,Low,Casino Worker,49,0,51,0,Defensive,10,0,1,0,0
1885,28,High,Casino Worker,50,0,75,0,Aggressive,25,0,1,0,0
1886,43,Middle,Scientist,67,0,85,0,Defensive,0,0,1,0,0
1887,66,Middle,Rocket Grunt,98,0,52,0,Unpredictable,2,0,1,0,0
1888,64,Low,Police Officer,53,0,32,0,Defensive,8,1,0,1,1
1889,56,Middle,Fisherman,56,0,20,0,Defensive,8,0,1,0,0
1890,24,Low,Rocket Grunt,89,0,29,0,Unpredictable,7,0,1,0,0
1891,29,High,Gym Leader Assistant,40,0,66,0,Defensive,12,0,1,0,0
1892,61,Middle,Casino Worker,53,0,20,0,Defensive,4,0,1,0,0
1893,20,Middle,Gym Leader Assistant,38,1,85,0,Defensive,5,1,1,1,1
1894,14,Middle,Biker,98,0,61,0,Defensive,10,0,1,0,0
1895,21,Middle,Elite Trainer,96,1,84,0,Defensive,15,0,0,1,1
1896,61,Low,Champion,64,0,39,0,Defensive,19,0,1,0,0
1897,67,Middle,Rocket Grunt,59,1,58,0,Defensive,22,1,0,1,1
1898,46,Middle,Police Officer,32,0,20,0,Aggressive,4,0,1,0,0
1899,54,Low,Champion,64,0,48,0,Defensive,10,0,1,0,0
1900,20,Middle,Biker,74,0,25,0,Aggressive,24,0,1,0,0
1901,41,Low,Breeder,6,0,30,0,Unpredictable,9,0,1,0,0
1902,31,Middle,Daycare Worker,92,1,40,1,Defensive,23,1,1,1,1
1903,32,Low,Black Market Dealer,53,0,64,0,Defensive,16,1,0,1,1
1904,29,Middle,Elite Trainer,18,0,71,0,Unpredictable,15,0,1,0,0
1905,53,Middle,Biker,34,0,75,0,Unpredictable,2,0,1,0,0
1906,27,Middle,Scientist,42,0,41,0,Aggressive,10,0,1,0,0
1907,10,Middle,Nurse,15,0,29,0,Defensive,23,0,1,0,0
1908,58,Low,Fisherman,21,0,30,0,Aggressive,13,0,1,0,0
1909,27,High,Researcher,95,1,58,0,Unpredictable,6,1,0,1,0
1910,48,Low,Daycare Worker,57,0,48,0,Defensive,24,0,1,0,0
1911,37,Middle,Champion,99,0,40,0,Defensive,5,0,1,0,0
1912,44,Low,Biker,53,0,29,0,Aggressive,18,0,1,0,0
1913,59,High,Fisherman,44,0,40,0,Defensive,12,0,1,0,0
1914,24,High,Daycare Worker,53,0,45,0,Defensive,5,0,1,0,0
1915,23,Low,Elite Trainer,62,0,65,0,Aggressive,8,1,0,1,1
1916,27,Middle,Elite Trainer,94,1,62,0,Aggressive,8,0,0,1,1
1917,70,Middle,Rocket Grunt,16,0,86,0,Defensive,20,1,0,1,1
1918,47,Low,Rocket Grunt,32,0,68,0,Defensive,23,0,1,0,0
1919,57,Middle,Biker,65,0,66,0,Defensive,14,0,1,0,0
1920,33,Middle,Gym Leader Assistant,75,0,30,0,Unpredictable,7,0,1,0,0
1921,32,Low,Rocket Grunt,28,0,40,0,Aggressive,2,0,1,0,0
1922,52,Low,Rocket Grunt,39,0,77,0,Unpredictable,3,0,1,0,0
1923,18,Middle,Nurse,56,0,26,0,Defensive,17,0,1,0,0
1924,28,High,Underground Battler,70,0,21,0,Aggressive,14,0,1,0,0
1925,45,Middle,Rocket Grunt,21,0,70,0,Unpredictable,6,0,1,0,0
1926,33,Middle,Underground Battler,71,0,59,0,Defensive,20,0,1,0,0
1927,32,High,Gym Leader Assistant,95,1,62,0,Defensive,29,0,1,1,1
1928,10,High,Black Market Dealer,48,0,76,0,Unpredictable,3,0,1,0,0
1929,65,High,Rocket Grunt,86,1,78,0,Unpredictable,6,1,0,1,0
1930,17,Middle,Breeder,48,0,48,1,Unpredictable,23,0,0,1,1
1931,11,High,Champion,39,0,49,0,Unpredictable,12,0,1,0,0
1932,65,Middle,Researcher,30,1,40,0,Aggressive,17,0,0,1,0
1933,36,Middle,Biker,84,0,53,0,Unpredictable,21,0,1,0,0
1934,12,Middle,Police Officer,52,0,72,0,Unpredictable,18,0,1,0,0
1935,56,Low,Scientist,83,1,70,0,Unpredictable,18,0,0,1,1
1936,43,Low,Biker,96,0,32,0,Aggressive,1,0,1,0,0
1937,61,Low,Scientist,75,1,37,0,Unpredictable,29,0,1,1,1
1938,54,High,Gym Leader Assistant,78,0,43,0,Unpredictable,4,1,0,1,0
1939,10,Low,Fisherman,68,0,74,0,Aggressive,3,0,1,0,0
1940,64,High,Elite Trainer,40,0,62,0,Unpredictable,4,0,1,0,0
1941,48,Middle,Breeder,94,0,31,0,Aggressive,10,0,1,0,0
1942,35,Middle,Rocket Grunt,33,0,65,0,Aggressive,2,0,1,0,0
1943,13,High,Champion,73,0,47,0,Aggressive,0,0,1,0,0
1944,29,High,Nurse,52,0,65,0,Defensive,21,0,1,0,0
1945,54,Middle,Breeder,37,0,63,0,Defensive,14,0,1,0,0
1946,22,Low,Nurse,93,0,36,0,Aggressive,12,0,1,0,0
1947,65,Low,Researcher,21,0,61,0,Aggressive,9,0,1,0,0
1948,49,Low,Underground Battler,77,0,30,0,Unpredictable,22,0,1,0,0
1949,57,Middle,Daycare Worker,91,0,61,0,Aggressive,12,0,1,0,0
1950,58,Middle,Underground Battler,33,0,54,0,Aggressive,21,0,1,0,0
1951,50,High,Rocket Grunt,45,0,38,0,Defensive,28,0,0,1,0
1952,50,Middle,Rocket Grunt,80,0,44,0,Unpredictable,7,0,1,0,0
1953,64,Low,Elite Trainer,55,0,50,0,Aggressive,17,1,0,1,1
1954,18,High,Fisherman,75,0,71,0,Unpredictable,5,0,1,0,0
1955,55,Low,Researcher,59,0,82,0,Unpredictable,8,0,1,0,0
1956,22,Middle,Champion,55,0,63,0,Unpredictable,2,0,1,0,0
1957,17,Low,Scientist,93,0,63,0,Unpredictable,10,0,1,0,0
1958,41,Middle,Champion,89,0,64,0,Defensive,11,0,1,0,0
1959,30,Low,Fisherman,52,0,48,0,Defensive,13,0,0,1,1
1960,19,Low,Breeder,34,0,50,0,Aggressive,5,0,1,0,0
1961,64,Low,Breeder,30,0,85,1,Aggressive,4,0,0,1,1
1962,37,Low,Daycare Worker,10,0,38,0,Defensive,5,0,1,0,0
1963,47,Low,Breeder,22,0,44,0,Aggressive,18,0,1,0,0
1964,54,Low,Rocket Grunt,76,0,80,1,Unpredictable,20,1,0,1,1
1965,47,High,Fisherman,91,0,24,0,Unpredictable,2,0,1,0,0
1966,27,Low,Police Officer,53,0,60,0,Unpredictable,12,0,1,0,0
1967,56,Middle,Gym Leader Assistant,67,0,59,0,Defensive,7,0,1,0,0
1968,35,Low,Gym Leader Assistant,60,0,53,0,Aggressive,24,0,1,0,0
1969,10,Low,Daycare Worker,65,0,48,0,Unpredictable,25,0,1,0,0
1970,46,Middle,Champion,33,0,45,0,Unpredictable,7,0,1,0,0
1971,39,High,Researcher,8,0,46,0,Aggressive,11,0,1,0,0
1972,50,High,Black Market Dealer,86,0,23,0,Defensive,7,0,1,0,0
1973,69,High,PokéMart Seller,91,0,69,0,Unpredictable,20,0,0,1,0
1974,67,Middle,Gym Leader Assistant,27,0,82,0,Defensive,5,0,1,0,0
1975,34,Middle,Gym Leader Assistant,36,0,24,0,Unpredictable,24,0,1,0,0
1976,60,Low,Biker,98,0,39,0,Defensive,20,0,1,0,0
1977,63,Middle,Casino Worker,72,0,84,0,Defensive,18,0,1,0,0
1978,51,Low,Gym Leader Assistant,64,0,49,0,Unpredictable,25,0,1,0,0
1979,57,Middle,PokéMart Seller,21,0,45,0,Unpredictable,5,0,1,0,0
1980,69,Low,PokéMart Seller,87,0,31,0,Unpredictable,10,0,1,0,0
1981,33,Middle,Biker,36,0,64,0,Aggressive,0,0,1,0,0
1982,43,Low,Breeder,62,0,48,0,Unpredictable,25,0,0,1,0
1983,20,Middle,Police Officer,26,0,35,0,Aggressive,8,0,1,0,0
1984,62,Middle,Casino Worker,38,1,31,0,Unpredictable,11,0,1,1,1
1985,39,Middle,Underground Battler,95,0,81,0,Unpredictable,19,0,1,0,0
1986,16,Low,Breeder,53,0,28,0,Aggressive,20,0,1,0,0
1987,35,Low,Black Market Dealer,74,0,31,0,Unpredictable,23,0,1,0,0
1988,60,Middle,Daycare Worker,74,0,36,0,Defensive,19,0,1,0,0
1989,55,Low,Fisherman,49,0,26,0,Unpredictable,15,0,1,0,0
1990,12,Low,Scientist,11,0,74,0,Unpredictable,3,0,1,0,0
1991,46,Middle,Underground Battler,92,0,56,0,Aggressive,1,0,1,0,0
1992,44,High,Breeder,85,0,57,0,Unpredictable,16,0,1,0,0
1993,18,Low,Rocket Grunt,5,0,71,0,Aggressive,22,1,1,1,1
1994,24,Low,Underground Battler,37,1,36,1,Aggressive,14,1,0,1,1
1995,65,Low,Elite Trainer,73,0,82,0,Unpredictable,21,0,1,0,0
1996,27,High,Nurse,15,0,89,0,Defensive,18,1,0,1,1
1997,17,Middle,Champion,68,0,59,0,Aggressive,8,0,1,0,0
1998,61,Middle,Fisherman,39,0,42,0,Unpredictable,18,0,1,0,0
1999,36,Middle,Elite Trainer,81,0,45,0,Defensive,11,0,1,0,0
2000,59,Middle,Gym Leader Assistant,32,0,28,0,Aggressive,6,0,1,0,0
2001,49,Low,Elite Trainer,70,0,51,0,Defensive,5,0,1,0,0
2002,45,Low,PokéMart Seller,98,0,85,0,Unpredictable,24,0,1,0,0
2003,37,Low,Casino Worker,55,0,68,0,Aggressive,25,0,1,0,0
2004,56,Low,Police Officer,89,0,72,0,Unpredictable,21,0,1,0,0
2005,23,Middle,Researcher,34,0,61,0,Unpredictable,16,0,1,0,0
2006,64,Low,Breeder,21,0,75,0,Aggressive,13,0,1,0,0
2007,66,Middle,Elite Trainer,20,0,73,0,Aggressive,5,0,1,0,0
2008,32,Middle,Breeder,35,0,49,0,Unpredictable,20,1,1,1,1
2009,38,Low,Champion,10,0,21,0,Defensive,1,0,1,0,0
2010,66,High,Police Officer,89,0,43,0,Unpredictable,10,0,1,0,0
2011,30,Middle,Champion,72,0,68,0,Aggressive,17,0,1,0,0
2012,14,Low,Breeder,86,1,56,1,Defensive,30,0,0,1,1
2013,30,High,Scientist,36,1,54,0,Aggressive,16,1,0,1,1
2014,68,Low,Nurse,10,0,80,0,Unpredictable,0,0,1,0,0
2015,62,Middle,Researcher,5,0,38,0,Aggressive,22,0,1,0,0
2016,55,Middle,Rocket Grunt,66,0,43,0,Unpredictable,25,0,1,0,0
2017,17,Low,Underground Battler,63,1,42,0,Aggressive,12,1,0,1,0
2018,21,Middle,Black Market Dealer,22,0,74,0,Aggressive,20,0,1,0,0
2019,55,Low,Biker,16,1,43,0,Defensive,19,0,0,1,1
2020,36,Middle,Elite Trainer,98,0,68,0,Aggressive,13,0,1,0,0
2021,47,Low,Champion,82,0,81,0,Defensive,7,0,1,0,0
2022,65,Middle,Scientist,45,0,72,0,Aggressive,11,0,1,0,0
2023,34,Middle,PokéMart Seller,19,0,33,0,Unpredictable,30,0,1,1,1
2024,57,Middle,Breeder,87,0,23,0,Defensive,21,0,1,0,0
2025,18,Middle,Nurse,15,1,79,0,Unpredictable,13,0,0,1,1
2026,28,Middle,Nurse,49,0,43,0,Defensive,23,0,1,0,0
2027,20,High,PokéMart Seller,95,0,32,0,Unpredictable,1,0,1,0,0
2028,39,High,Rocket Grunt,79,0,69,0,Defensive,23,0,1,0,0
2029,26,Middle,Scientist,46,0,40,0,Aggressive,18,0,1,0,0
2030,63,Middle,Casino Worker,76,1,65,0,Defensive,25,0,1,1,0
2031,59,High,Biker,52,0,56,0,Aggressive,22,0,1,0,0
2032,65,Middle,Champion,66,0,67,0,Aggressive,4,0,1,0,0
2033,23,Low,PokéMart Seller,65,0,36,0,Defensive,10,0,1,0,0
2034,15,Low,Champion,6,0,39,0,Defensive,4,0,1,0,0
2035,18,Low,Rocket Grunt,67,0,46,0,Defensive,15,0,1,0,0
2036,23,Low,Rocket Grunt,28,0,41,0,Unpredictable,17,0,1,0,0
2037,39,Middle,Daycare Worker,20,0,49,0,Unpredictable,24,0,1,0,0
2038,55,Low,Elite Trainer,27,0,58,0,Aggressive,0,0,1,0,0
2039,52,Middle,Biker,44,0,59,0,Defensive,21,0,1,0,0
2040,12,Low,Black Market Dealer,25,1,42,0,Unpredictable,3,0,1,1,1
2041,25,Low,Casino Worker,99,0,64,0,Defensive,19,0,0,1,1
2042,18,Middle,Scientist,14,0,86,0,Aggressive,6,0,0,1,1
2043,68,Low,Underground Battler,31,0,41,0,Defensive,20,0,1,0,0
2044,22,Middle,PokéMart Seller,45,0,84,0,Unpredictable,26,0,1,1,1
2045,35,Middle,Champion,86,0,39,0,Aggressive,3,0,1,0,0
2046,38,Middle,PokéMart Seller,25,0,47,0,Unpredictable,13,0,1,0,0
2047,18,Low,Champion,17,0,39,0,Unpredictable,22,0,1,0,0
2048,50,Middle,Biker,13,0,65,0,Defensive,10,1,0,1,1
2049,57,Low,Scientist,15,0,71,0,Defensive,4,0,1,0,0
2050,64,Low,Scientist,24,0,73,0,Defensive,17,0,1,0,0
2051,20,Low,Researcher,49,0,25,0,Aggressive,23,0,1,0,0
2052,37,Middle,Nurse,44,0,79,0,Unpredictable,0,0,1,0,0
2053,42,Low,Gym Leader Assistant,100,0,47,0,Unpredictable,11,0,1,0,0
2054,51,Middle,Biker,60,0,47,0,Aggressive,4,0,1,0,0
2055,46,Low,Black Market Dealer,92,1,82,0,Defensive,20,0,1,1,1
2056,19,Low,Champion,6,0,58,0,Unpredictable,24,0,1,0,0
2057,63,Middle,Rocket Grunt,85,0,42,0,Aggressive,11,0,1,0,0
2058,48,High,Breeder,81,0,79,0,Aggressive,21,0,1,0,0
2059,25,High,Rocket Grunt,44,1,90,1,Defensive,10,0,1,1,1
2060,40,Middle,Fisherman,92,0,45,0,Defensive,13,0,1,0,0
2061,70,Middle,Fisherman,64,0,62,0,Aggressive,14,0,1,0,0
2062,38,Low,PokéMart Seller,92,0,41,0,Unpredictable,0,0,1,0,0
2063,19,Middle,Breeder,24,0,83,0,Defensive,10,0,1,0,0
2064,38,Middle,Nurse,52,0,36,0,Aggressive,13,0,1,0,0
2065,65,Middle,Underground Battler,9,0,31,0,Unpredictable,15,0,1,0,0
2066,67,Middle,Daycare Worker,76,0,37,0,Aggressive,25,0,1,0,0
2067,32,Middle,Daycare Worker,68,0,58,0,Aggressive,18,0,1,1,1
2068,18,Middle,Nurse,77,0,33,0,Defensive,18,0,1,0,0
2069,27,Low,Nurse,55,0,60,0,Unpredictable,15,0,1,0,0
2070,36,Low,Black Market Dealer,83,0,41,0,Unpredictable,11,0,1,0,0
2071,25,Low,Nurse,54,1,34,0,Unpredictable,10,0,0,1,1
2072,26,Middle,Biker,100,0,55,0,Unpredictable,13,0,1,0,0
2073,23,Middle,Rocket Grunt,84,0,26,0,Aggressive,13,0,1,0,0
2074,42,Middle,Champion,71,0,22,0,Unpredictable,2,0,1,0,0
2075,10,Middle,Rocket Grunt,45,0,62,0,Defensive,21,0,1,0,0
2076,10,Low,Police Officer,39,0,48,0,Defensive,8,0,1,0,0
2077,37,Middle,Nurse,23,0,54,0,Defensive,12,0,1,0,0
2078,14,High,Biker,84,0,38,0,Defensive,14,0,1,0,0
2079,62,Low,Breeder,60,1,36,0,Aggressive,11,1,0,1,1
2080,39,Middle,Nurse,78,0,39,0,Defensive,20,0,1,0,0
2081,46,Middle,PokéMart Seller,12,0,50,0,Defensive,30,1,0,1,0
2082,17,Middle,Nurse,56,0,31,0,Defensive,2,0,1,0,0
2083,10,Middle,Police Officer,91,0,83,0,Unpredictable,5,0,1,0,0
2084,42,Middle,PokéMart Seller,98,0,67,0,Unpredictable,3,0,1,0,0
2085,30,Low,PokéMart Seller,41,1,73,0,Defensive,23,0,0,1,1
2086,22,High,Champion,90,0,77,0,Defensive,11,0,1,0,0
2087,68,Low,Scientist,73,1,57,1,Unpredictable,10,1,1,1,1
2088,18,Middle,Gym Leader Assistant,50,0,82,0,Aggressive,18,0,1,0,0
2089,50,Low,Breeder,34,0,54,0,Defensive,20,0,1,0,0
2090,56,Low,Scientist,95,0,66,0,Unpredictable,5,0,1,0,0
2091,25,Middle,Biker,26,0,73,0,Unpredictable,12,0,1,0,0
2092,38,Low,Champion,38,0,69,0,Defensive,22,0,1,0,0
2093,35,Low,Police Officer,59,0,61,0,Unpredictable,3,0,1,0,0
2094,20,Middle,Elite Trainer,98,0,49,0,Defensive,5,0,1,0,0
2095,32,Middle,PokéMart Seller,26,0,47,0,Aggressive,10,0,1,0,0
2096,57,Low,Rocket Grunt,13,0,22,0,Unpredictable,21,0,1,0,0
2097,70,High,Gym Leader Assistant,29,0,61,0,Defensive,3,0,1,0,0
2098,58,Middle,Rocket Grunt,80,0,79,0,Unpredictable,16,0,1,0,0
2099,32,Middle,Researcher,61,0,53,0,Unpredictable,17,0,1,0,0
2100,18,Middle,Champion,59,0,71,0,Unpredictable,17,0,1,0,0
2101,63,High,Elite Trainer,18,0,85,0,Unpredictable,10,0,1,0,0
2102,25,Middle,Gym Leader Assistant,73,0,41,0,Unpredictable,29,1,0,1,1
2103,18,Middle,Researcher,94,0,52,0,Defensive,12,0,1,0,0
2104,11,Low,Black Market Dealer,36,0,47,0,Defensive,12,0,1,0,0
2105,14,Low,Daycare Worker,86,0,27,0,Aggressive,8,0,1,0,0
2106,54,Middle,Daycare Worker,7,0,63,0,Defensive,10,0,1,0,0
2107,47,Low,Daycare Worker,85,0,27,0,Unpredictable,11,0,1,0,0
2108,15,Low,Police Officer,29,1,80,0,Defensive,25,1,0,1,0
2109,61,Middle,Researcher,96,0,80,0,Unpredictable,15,0,0,1,0
2110,59,High,Police Officer,56,0,66,0,Defensive,28,0,1,1,1
2111,41,Low,Scientist,52,0,51,0,Unpredictable,3,0,1,0,0
2112,64,Middle,Researcher,54,0,49,0,Defensive,1,0,1,0,0
2113,58,Low,Fisherman,36,0,25,0,Aggressive,12,0,1,0,0
2114,10,Middle,Underground Battler,17,0,36,0,Aggressive,9,0,1,0,0
2115,26,Low,Breeder,98,0,68,0,Defensive,9,0,1,0,0
2116,43,High,Underground Battler,10,0,41,0,Aggressive,20,0,1,0,0
2117,55,Middle,Champion,55,0,61,0,Unpredictable,8,0,1,0,0
2118,34,Middle,Police Officer,28,1,80,0,Defensive,5,0,0,1,1
2119,29,Low,Researcher,28,0,79,0,Defensive,11,0,1,0,0
2120,18,Low,Police Officer,15,0,56,0,Aggressive,5,0,1,0,0
2121,60,High,Champion,88,0,81,0,Unpredictable,10,0,1,0,0
2122,31,Middle,Scientist,83,1,68,0,Aggressive,12,1,0,1,0
2123,11,High,Fisherman,54,0,31,0,Aggressive,22,0,1,0,0
2124,54,Middle,Champion,35,0,24,0,Aggressive,0,0,1,0,0
2125,35,Low,Nurse,79,0,46,0,Defensive,15,0,0,1,1
2126,68,Middle,Researcher,20,0,36,0,Aggressive,3,0,1,0,0
2127,66,Low,Black Market Dealer,51,0,25,0,Unpredictable,14,0,1,0,0
2128,46,Middle,PokéMart Seller,79,0,48,0,Defensive,18,0,1,0,0
2129,38,Middle,Police Officer,15,0,70,0,Defensive,6,0,1,0,0
2130,15,Low,Police Officer,69,0,78,0,Defensive,25,0,1,0,0
2131,46,Middle,Black Market Dealer,36,0,45,0,Unpredictable,15,0,1,0,0
2132,34,High,Elite Trainer,30,1,71,0,Defensive,16,0,0,1,0
2133,38,Middle,Elite Trainer,54,0,43,0,Unpredictable,10,0,1,0,0
2134,14,Middle,Daycare Worker,79,0,38,0,Aggressive,13,0,1,0,0
2135,45,Middle,Champion,64,0,67,0,Unpredictable,1,0,1,0,0
2136,41,Middle,Daycare Worker,83,0,39,0,Defensive,18,0,1,0,0
2137,36,High,Breeder,61,0,37,0,Defensive,8,0,1,0,0
2138,68,Low,Breeder,66,0,26,0,Aggressive,23,0,1,0,0
2139,64,Middle,Black Market Dealer,93,0,62,0,Aggressive,24,0,1,0,0
2140,42,Low,Researcher,31,0,83,0,Aggressive,1,0,1,0,0
2141,56,High,Daycare Worker,18,0,76,0,Unpredictable,13,0,1,0,0
2142,13,Low,Black Market Dealer,44,0,85,0,Unpredictable,25,0,1,0,0
2143,41,High,Nurse,49,0,55,0,Unpredictable,24,0,1,0,0
2144,34,Middle,Biker,87,0,33,0,Aggressive,12,0,1,0,0
2145,37,Low,Biker,86,0,21,0,Unpredictable,15,0,1,0,0
2146,21,Low,Champion,43,0,53,0,Unpredictable,23,0,1,0,0
2147,54,Middle,Elite Trainer,31,1,39,0,Aggressive,18,0,1,1,1
2148,52,Low,Biker,6,0,55,0,Defensive,23,0,1,0,0
2149,51,Middle,Researcher,29,0,59,0,Defensive,20,0,1,0,0
2150,52,High,Scientist,69,0,43,0,Unpredictable,5,0,1,0,0
2151,18,Low,Elite Trainer,87,0,72,0,Defensive,25,0,1,0,0
2152,53,Low,Fisherman,32,0,69,0,Defensive,4,0,1,0,0
2153,36,Middle,Underground Battler,34,0,52,0,Defensive,6,0,1,0,0
2154,58,Middle,Nurse,7,0,74,0,Defensive,3,0,1,1,1
2155,48,Middle,Casino Worker,18,1,65,0,Unpredictable,12,0,0,1,0
2156,45,Low,Biker,37,0,60,0,Defensive,16,0,1,0,0
2157,34,Low,Gym Leader Assistant,42,0,80,0,Unpredictable,2,0,1,0,0
2158,40,Middle,Breeder,15,0,27,0,Aggressive,8,0,1,0,0
2159,35,Middle,Fisherman,80,0,76,0,Unpredictable,5,0,1,0,0
2160,48,Low,Champion,43,0,61,0,Unpredictable,5,0,1,0,0
2161,33,Low,Champion,95,0,56,0,Unpredictable,25,0,1,0,0
2162,59,Low,Biker,12,0,68,0,Unpredictable,15,0,1,0,0
2163,25,Low,Underground Battler,35,0,35,0,Unpredictable,7,0,1,0,0
2164,61,Middle,Gym Leader Assistant,44,0,47,0,Unpredictable,24,0,1,0,0
2165,40,Low,Casino Worker,17,0,56,0,Defensive,11,1,0,1,1
2166,58,Middle,Fisherman,62,0,45,0,Aggressive,15,0,1,0,0
2167,56,Low,Underground Battler,28,1,79,0,Aggressive,7,1,0,1,1
2168,17,High,Casino Worker,69,1,72,0,Aggressive,8,0,1,1,1
2169,15,Low,Rocket Grunt,20,0,47,0,Unpredictable,19,0,1,0,0
2170,61,Middle,Casino Worker,86,0,74,0,Aggressive,3,0,1,0,0
2171,28,Low,Black Market Dealer,50,0,67,0,Aggressive,21,0,1,0,0
2172,49,Low,Breeder,30,0,28,0,Defensive,13,0,1,0,0
2173,34,Low,Scientist,21,1,62,0,Aggressive,12,1,1,1,1
2174,56,Middle,Black Market Dealer,30,0,21,0,Aggressive,20,0,1,0,0
2175,37,High,Fisherman,82,0,70,0,Aggressive,12,0,1,0,0
2176,43,Middle,Champion,64,0,41,0,Defensive,22,0,1,0,0
2177,30,Low,Daycare Worker,61,0,47,0,Defensive,5,0,1,0,0
2178,70,High,Champion,78,0,71,0,Aggressive,23,0,1,0,0
2179,37,Middle,Police Officer,51,0,31,0,Unpredictable,7,0,1,0,0
2180,48,Low,Scientist,62,1,70,0,Unpredictable,7,1,0,1,0
2181,54,Low,Researcher,58,0,67,0,Unpredictable,1,0,1,0,0
2182,27,Middle,Elite Trainer,78,0,67,0,Aggressive,13,0,1,0,0
2183,32,Middle,Scientist,49,0,64,0,Unpredictable,5,0,1,0,0
2184,25,Low,Scientist,26,0,69,0,Defensive,22,0,1,0,0
2185,49,Low,Police Officer,83,0,30,0,Unpredictable,25,0,1,1,1
2186,25,Low,Champion,93,0,28,0,Defensive,25,0,1,0,0
2187,55,Middle,Fisherman,57,0,90,0,Unpredictable,6,0,1,1,0
2188,23,Low,Daycare Worker,15,0,22,0,Aggressive,4,0,1,0,0
2189,65,High,Fisherman,67,0,56,0,Aggressive,2,0,1,0,0
2190,44,Low,Rocket Grunt,63,0,66,0,Aggressive,20,0,1,0,0
2191,15,Low,Researcher,24,0,28,0,Unpredictable,16,0,1,0,0
2192,11,High,Fisherman,98,0,82,0,Defensive,25,0,1,0,0
2193,52,Low,Nurse,79,0,58,0,Aggressive,6,0,1,0,0
2194,62,Middle,Scientist,20,0,48,0,Unpredictable,14,0,1,0,0
2195,53,High,Nurse,31,0,39,0,Defensive,9,0,1,0,0
2196,27,Middle,Daycare Worker,75,0,35,0,Aggressive,25,0,1,0,0
2197,18,Middle,Fisherman,65,1,35,0,Aggressive,7,0,0,1,1
2198,42,Middle,Breeder,99,0,29,0,Aggressive,20,0,1,0,0
2199,20,Low,Police Officer,40,0,57,0,Unpredictable,4,0,1,0,0
2200,28,Middle,Elite Trainer,8,0,59,0,Unpredictable,19,0,1,0,0
2201,57,Middle,Biker,34,0,52,0,Defensive,12,0,1,0,0
2202,37,High,Fisherman,34,0,65,0,Unpredictable,0,0,1,0,0
2203,61,Middle,Scientist,67,0,78,0,Defensive,25,0,1,0,0
2204,66,Middle,Champion,42,0,62,0,Aggressive,0,0,1,0,0
2205,55,Middle,PokéMart Seller,60,0,81,0,Defensive,25,0,1,0,0
2206,38,Middle,Scientist,11,0,80,0,Aggressive,14,0,1,0,0
2207,22,Middle,Casino Worker,92,1,36,0,Unpredictable,10,1,0,1,1
2208,14,Middle,Police Officer,43,0,29,0,Defensive,1,0,1,0,0
2209,58,Low,Champion,15,0,85,0,Aggressive,12,0,1,0,0
2210,41,Middle,Casino Worker,29,0,82,0,Unpredictable,3,0,1,0,0
2211,54,High,Black Market Dealer,93,0,62,0,Aggressive,13,0,1,0,0
2212,36,Middle,Biker,59,0,70,0,Aggressive,22,1,1,1,1
2213,52,High,Breeder,96,0,38,0,Unpredictable,26,1,1,1,1
2214,35,Low,Elite Trainer,39,0,24,0,Unpredictable,5,0,1,0,0
2215,15,High,Researcher,59,0,82,0,Aggressive,21,0,1,0,0
2216,19,Middle,PokéMart Seller,31,0,68,0,Aggressive,1,0,1,0,0
2217,16,Low,PokéMart Seller,81,0,56,0,Aggressive,15,0,1,0,0
2218,58,High,Casino Worker,12,0,21,0,Aggressive,18,0,1,0,0
2219,52,Middle,Elite Trainer,83,0,27,0,Aggressive,11,0,1,0,0
2220,70,Middle,Gym Leader Assistant,37,0,49,0,Unpredictable,10,0,1,0,0
2221,58,Middle,Fisherman,38,1,55,0,Unpredictable,7,1,0,1,1
2222,19,Low,Gym Leader Assistant,64,0,46,0,Defensive,11,0,1,0,0
2223,35,Middle,Gym Leader Assistant,78,0,66,0,Unpredictable,17,0,1,0,0
2224,56,Middle,Daycare Worker,33,0,63,0,Aggressive,0,0,1,0,0
2225,40,Middle,Researcher,95,0,59,0,Defensive,13,0,1,0,0
2226,49,Low,Gym Leader Assistant,61,0,69,0,Unpredictable,12,0,1,0,0
2227,15,Middle,Gym Leader Assistant,59,0,38,0,Unpredictable,11,0,1,0,0
2228,69,Middle,Nurse,93,0,29,0,Unpredictable,16,0,1,0,0
2229,44,Low,Black Market Dealer,38,0,70,0,Defensive,20,0,1,0,0
2230,12,Low,Rocket Grunt,34,0,32,0,Defensive,16,0,1,0,0
2231,50,Middle,Gym Leader Assistant,79,0,26,0,Defensive,11,0,1,0,0
2232,69,High,Breeder,5,0,61,0,Unpredictable,9,0,1,0,0
2233,58,High,Gym Leader Assistant,71,0,52,0,Defensive,23,0,1,0,0
2234,67,Low,Black Market Dealer,90,0,81,0,Unpredictable,25,0,1,0,0
2235,53,Middle,Daycare Worker,62,0,27,0,Defensive,4,0,1,0,0
2236,47,Middle,Gym Leader Assistant,99,0,24,0,Defensive,25,0,1,0,0
2237,44,Middle,Elite Trainer,80,0,32,0,Unpredictable,5,0,1,0,0
2238,34,High,Researcher,64,0,63,0,Defensive,0,0,1,0,0
2239,19,Middle,Nurse,98,0,62,0,Defensive,12,0,1,0,0
2240,58,Middle,Casino Worker,12,0,59,0,Aggressive,22,0,1,1,1
2241,42,High,Daycare Worker,86,0,22,0,Unpredictable,19,0,1,0,0
2242,70,High,Gym Leader Assistant,11,0,73,0,Defensive,23,0,1,0,0
2243,23,Middle,Rocket Grunt,87,0,37,0,Unpredictable,0,0,1,0,0
2244,33,Middle,Biker,31,0,23,0,Aggressive,12,0,1,0,0
2245,28,Low,Gym Leader Assistant,37,0,44,0,Defensive,4,0,1,0,0
2246,60,High,Nurse,76,0,26,0,Defensive,10,0,1,0,0
2247,39,Low,Biker,95,0,67,0,Defensive,13,0,1,0,0
2248,55,Middle,Elite Trainer,13,1,38,0,Aggressive,25,0,0,1,1
2249,49,Low,Researcher,21,0,67,0,Unpredictable,15,0,1,0,0
2250,33,Low,Underground Battler,45,0,23,0,Aggressive,20,0,1,0,0
2251,28,Middle,Elite Trainer,51,0,27,0,Unpredictable,0,0,1,0,0
2252,42,Middle,Police Officer,81,0,39,0,Defensive,16,0,1,0,0
2253,61,Middle,Researcher,50,0,70,0,Aggressive,9,0,1,0,0
2254,21,Low,Fisherman,69,0,60,0,Defensive,22,0,1,0,0
2255,66,Middle,Gym Leader Assistant,38,0,28,0,Aggressive,18,0,1,0,0
2256,24,High,Nurse,73,0,74,0,Unpredictable,8,0,1,0,0
2257,30,High,Police Officer,99,0,76,0,Defensive,7,0,1,0,0
2258,18,High,PokéMart Seller,48,1,44,0,Unpredictable,29,1,0,1,0
2259,57,Low,Breeder,73,0,50,0,Unpredictable,1,0,1,0,0
2260,46,Low,Casino Worker,47,0,54,0,Defensive,3,0,1,0,0
2261,52,Low,Champion,16,0,37,0,Defensive,14,0,1,0,0
2262,29,Middle,Gym Leader Assistant,70,0,71,0,Aggressive,14,0,1,0,0
2263,39,Middle,Gym Leader Assistant,50,0,22,0,Aggressive,4,0,1,0,0
2264,70,Middle,Researcher,12,0,38,0,Defensive,6,0,1,0,0
2265,25,Middle,Daycare Worker,63,0,46,0,Defensive,6,0,1,0,0
2266,46,Low,Champion,70,0,69,0,Unpredictable,17,0,1,0,0
2267,25,Middle,Nurse,28,0,26,0,Aggressive,14,0,1,0,0
2268,70,Middle,Gym Leader Assistant,76,0,48,0,Aggressive,1,0,1,0,0
2269,20,Low,Fisherman,64,0,23,0,Defensive,5,0,1,0,0
2270,50,Middle,Researcher,11,0,33,0,Aggressive,16,0,0,1,1
2271,28,Low,Researcher,77,0,80,0,Unpredictable,24,0,1,0,0
2272,57,Middle,Champion,22,0,72,0,Aggressive,3,0,1,0,0
2273,42,Middle,Rocket Grunt,30,0,82,0,Aggressive,19,0,1,0,0
2274,28,High,Biker,34,0,47,0,Unpredictable,19,0,1,0,0
2275,66,Middle,Champion,14,0,60,0,Defensive,14,0,1,0,0
2276,67,High,Casino Worker,43,0,59,0,Unpredictable,8,0,1,0,0
2277,22,Middle,Gym Leader Assistant,33,1,38,0,Aggressive,12,1,1,1,1
2278,35,Low,Gym Leader Assistant,53,0,58,0,Aggressive,9,0,1,0,0
2279,56,Low,Champion,47,0,43,0,Unpredictable,20,0,0,1,1
2280,21,High,Breeder,85,0,38,0,Defensive,10,0,1,0,0
2281,21,Middle,Gym Leader Assistant,40,0,69,0,Unpredictable,2,0,1,0,0
2282,24,Low,Breeder,50,0,57,0,Defensive,19,0,1,0,0
2283,28,Middle,Nurse,48,0,66,0,Defensive,8,0,1,0,0
2284,63,High,Elite Trainer,40,0,67,0,Unpredictable,14,1,1,1,1
2285,60,Low,Scientist,45,0,79,0,Aggressive,10,0,1,0,0
2286,50,High,Breeder,12,0,48,0,Defensive,3,0,1,0,0
2287,48,High,Black Market Dealer,15,0,27,0,Aggressive,22,0,1,0,0
2288,26,Middle,PokéMart Seller,70,0,76,0,Defensive,24,0,1,0,0
2289,52,Middle,Scientist,41,0,54,0,Aggressive,16,0,1,0,0
2290,66,Low,Breeder,61,0,26,0,Unpredictable,23,0,1,0,0
2291,12,Middle,Biker,46,0,34,0,Unpredictable,14,0,1,0,0
2292,46,Middle,Biker,11,0,66,0,Aggressive,18,0,1,0,0
2293,39,High,Elite Trainer,62,0,52,0,Unpredictable,8,0,1,0,0
2294,35,Low,Underground Battler,22,0,76,0,Unpredictable,9,0,1,0,0
2295,60,Middle,Scientist,87,0,85,1,Unpredictable,6,1,0,1,1
2296,37,Low,PokéMart Seller,60,0,31,0,Aggressive,7,0,1,0,0
2297,16,Middle,Daycare Worker,18,1,31,0,Aggressive,25,0,0,1,1
2298,50,Low,Scientist,15,0,68,0,Aggressive,23,0,1,0,0
2299,36,Middle,Police Officer,61,0,73,0,Aggressive,26,0,0,1,1
2300,22,Low,Police Officer,76,0,83,0,Defensive,9,0,1,0,0
2301,13,Middle,Black Market Dealer,19,0,51,0,Unpredictable,11,0,1,0,0
2302,70,Middle,Gym Leader Assistant,11,0,21,0,Defensive,5,0,1,0,0
2303,40,Middle,Biker,98,0,58,0,Unpredictable,25,0,1,0,0
2304,55,High,Researcher,90,0,63,0,Unpredictable,9,0,1,0,0
2305,45,Low,Breeder,96,0,85,0,Unpredictable,1,0,1,0,0
2306,59,Low,Nurse,43,0,54,0,Defensive,20,0,1,0,0
2307,31,Low,Casino Worker,72,0,63,0,Unpredictable,6,0,1,0,0
2308,62,High,Black Market Dealer,84,0,26,0,Defensive,23,0,1,0,0
2309,49,Middle,Daycare Worker,77,0,65,0,Unpredictable,15,0,1,0,0
2310,24,High,Police Officer,65,0,40,0,Defensive,20,0,1,0,0
2311,38,Middle,Biker,74,0,71,0,Aggressive,0,0,1,0,0
2312,68,Middle,Casino Worker,54,0,72,0,Unpredictable,6,0,1,0,0
2313,44,Low,Researcher,58,0,27,0,Defensive,16,0,1,0,0
2314,43,Middle,Gym Leader Assistant,54,0,70,0,Aggressive,19,0,1,0,0
2315,49,Middle,Breeder,61,0,51,0,Aggressive,23,0,1,0,0
2316,17,High,Police Officer,27,0,20,0,Unpredictable,20,0,1,0,0
2317,33,Low,Champion,7,0,69,0,Defensive,13,0,1,0,0
2318,21,Middle,Rocket Grunt,19,0,85,0,Defensive,25,0,1,0,0
2319,70,Low,Researcher,43,1,60,1,Aggressive,14,1,0,1,0
2320,10,Middle,Rocket Grunt,50,0,59,0,Unpredictable,9,0,1,1,1
2321,70,Low,Black Market Dealer,27,0,79,0,Unpredictable,2,0,1,0,0
2322,22,Middle,Daycare Worker,85,0,65,1,Aggressive,4,0,1,1,1
2323,51,Middle,PokéMart Seller,7,0,50,0,Aggressive,22,0,1,0,0
2324,15,Low,Casino Worker,81,0,53,0,Defensive,12,0,1,0,0
2325,30,Low,PokéMart Seller,17,0,36,0,Aggressive,14,0,1,1,0
2326,28,High,Scientist,41,0,31,0,Unpredictable,11,0,1,0,0
2327,52,Middle,Scientist,44,0,69,0,Unpredictable,11,0,1,0,0
2328,17,Middle,Daycare Worker,49,0,52,0,Aggressive,24,0,1,0,0
2329,44,Middle,Police Officer,12,0,72,0,Aggressive,3,0,1,0,0
2330,17,Middle,Biker,33,0,26,0,Defensive,25,0,1,0,0
2331,28,Middle,Researcher,34,0,38,0,Defensive,23,1,0,1,1
2332,65,Low,Rocket Grunt,36,0,41,0,Defensive,22,0,1,0,0
2333,25,Low,Police Officer,28,0,55,0,Defensive,2,0,1,0,0
2334,36,Middle,Rocket Grunt,54,0,63,0,Unpredictable,0,0,1,0,0
2335,54,Low,PokéMart Seller,13,0,68,0,Unpredictable,29,1,1,1,1
2336,28,Middle,Champion,9,0,60,0,Aggressive,23,0,1,0,0
2337,41,Middle,Gym Leader Assistant,26,0,30,0,Defensive,6,0,1,0,0
2338,62,Low,Black Market Dealer,78,0,30,0,Aggressive,12,0,1,0,0
2339,18,Middle,Nurse,47,1,47,0,Aggressive,25,1,0,1,1
2340,62,Low,Elite Trainer,77,0,44,0,Aggressive,20,0,1,0,0
2341,57,Middle,Black Market Dealer,20,0,40,0,Unpredictable,23,0,1,0,0
2342,31,High,Scientist,6,0,84,0,Defensive,20,0,1,0,0
2343,52,Low,Biker,25,0,23,0,Aggressive,4,0,1,0,0
2344,28,Low,Rocket Grunt,22,0,27,0,Defensive,19,0,1,0,0
2345,38,Low,Casino Worker,10,0,21,0,Defensive,14,0,1,0,0
2346,67,Middle,Daycare Worker,80,0,75,0,Defensive,25,0,1,0,0
2347,50,Middle,Casino Worker,89,0,42,0,Unpredictable,11,0,1,0,0
2348,26,Middle,Nurse,67,0,51,0,Aggressive,9,0,1,0,0
2349,19,Middle,Biker,40,0,70,0,Defensive,16,0,1,0,0
2350,54,Low,Nurse,31,0,21,0,Unpredictable,5,0,1,0,0
2351,15,Middle,Biker,13,0,51,0,Aggressive,8,0,1,0,0
2352,52,Middle,Scientist,71,0,64,0,Defensive,12,0,1,0,0
2353,59,Middle,PokéMart Seller,52,1,41,0,Unpredictable,18,0,0,1,1
2354,24,High,Daycare Worker,11,0,51,0,Unpredictable,4,0,1,0,0
2355,38,Low,Casino Worker,35,1,52,0,Unpredictable,21,0,0,1,1
2356,14,Middle,PokéMart Seller,8,0,77,0,Unpredictable,6,0,1,0,0
2357,30,High,PokéMart Seller,70,0,25,0,Defensive,23,0,1,0,0
2358,51,Low,Black Market Dealer,59,0,37,0,Defensive,10,0,1,0,0
2359,57,High,Black Market Dealer,25,0,46,0,Aggressive,10,0,1,0,0
2360,60,Low,Black Market Dealer,73,1,51,0,Defensive,26,0,0,1,1
2361,63,Middle,Police Officer,81,0,78,0,Aggressive,22,0,1,0,0
2362,26,Middle,Police Officer,33,0,34,0,Defensive,21,0,1,0,0
2363,28,Middle,Daycare Worker,89,1,42,0,Defensive,4,0,1,1,1
2364,15,Middle,Champion,12,0,68,0,Unpredictable,25,0,1,0,0
2365,70,Middle,PokéMart Seller,99,0,59,0,Aggressive,15,0,1,0,0
2366,18,Low,Daycare Worker,23,0,48,0,Aggressive,4,0,1,0,0
2367,35,High,Underground Battler,18,0,28,0,Unpredictable,24,0,1,0,0
2368,10,Low,Breeder,95,0,45,0,Defensive,11,0,1,0,0
2369,55,Middle,Police Officer,50,0,28,0,Unpredictable,10,0,1,0,0
2370,18,Middle,Gym Leader Assistant,29,0,67,0,Defensive,24,0,1,0,0
2371,16,Middle,Breeder,93,0,75,0,Unpredictable,9,0,1,0,0
2372,34,High,PokéMart Seller,35,0,69,0,Defensive,17,0,1,0,0
2373,36,Middle,Casino Worker,61,0,70,0,Unpredictable,15,0,1,0,0
2374,31,Low,Elite Trainer,97,1,32,0,Aggressive,18,0,1,1,1
2375,63,Low,Black Market Dealer,57,0,84,0,Unpredictable,17,0,1,0,0
2376,33,Low,PokéMart Seller,41,0,40,0,Aggressive,15,0,1,0,0
2377,36,Low,Champion,67,0,45,0,Unpredictable,11,0,1,0,0
2378,20,Low,Researcher,58,0,51,0,Defensive,17,0,1,0,0
2379,33,Middle,Rocket Grunt,72,0,57,0,Unpredictable,21,0,1,0,0
2380,12,High,Black Market Dealer,94,1,83,0,Defensive,3,0,0,1,1
2381,49,Low,Nurse,6,0,39,0,Defensive,15,0,1,0,0
2382,16,High,Breeder,56,0,62,0,Defensive,9,0,1,0,0
2383,55,Low,Champion,63,0,36,0,Aggressive,20,0,1,0,0
2384,43,Middle,Researcher,71,0,70,0,Aggressive,8,0,1,0,0
2385,62,Low,Researcher,59,0,29,0,Defensive,7,0,1,0,0
2386,21,Low,Daycare Worker,67,0,33,0,Unpredictable,11,0,1,0,0
2387,18,High,Daycare Worker,97,0,75,0,Unpredictable,5,0,1,0,0
2388,56,Middle,Daycare Worker,24,0,58,0,Aggressive,15,0,1,0,0
2389,19,Low,Rocket Grunt,40,1,65,0,Unpredictable,28,0,0,1,1
2390,60,Middle,Breeder,35,0,75,0,Aggressive,2,0,1,0,0
2391,25,Middle,Scientist,94,0,55,0,Unpredictable,2,0,1,0,0
2392,56,Middle,Gym Leader Assistant,12,0,39,0,Aggressive,4,0,1,0,0
2393,43,High,Casino Worker,80,0,34,0,Unpredictable,19,0,1,0,0
2394,34,Middle,Nurse,76,0,39,0,Defensive,9,0,1,0,0
2395,28,Middle,Nurse,50,0,83,0,Defensive,17,0,1,0,0
2396,17,Middle,Elite Trainer,47,0,43,0,Unpredictable,6,0,1,0,0
2397,29,High,Elite Trainer,21,0,35,0,Aggressive,21,0,1,0,0
2398,35,Middle,Champion,95,0,26,0,Defensive,18,0,1,0,0
2399,13,Low,Underground Battler,83,0,80,0,Aggressive,14,0,1,0,0
2400,62,Middle,Underground Battler,85,0,51,0,Aggressive,16,0,1,0,0
2401,65,Middle,Casino Worker,66,0,23,0,Unpredictable,7,0,1,0,0
2402,11,Low,Police Officer,24,0,68,0,Defensive,13,1,0,1,0
2403,45,High,Police Officer,8,0,37,0,Unpredictable,8,0,1,0,0
2404,31,High,Elite Trainer,18,0,72,0,Defensive,16,0,1,0,0
2405,55,Middle,Rocket Grunt,56,0,49,0,Unpredictable,22,0,1,0,0
2406,24,Low,Breeder,40,0,53,0,Defensive,18,0,1,0,0
2407,41,Middle,Gym Leader Assistant,59,0,46,0,Aggressive,10,0,1,0,0
2408,46,Middle,Black Market Dealer,41,0,31,0,Aggressive,6,0,1,0,0
2409,43,Middle,Champion,30,0,25,0,Aggressive,8,0,1,0,0
2410,22,Low,Biker,48,0,36,0,Unpredictable,21,0,1,0,0
2411,54,Low,Champion,45,0,24,0,Aggressive,21,0,1,0,0
2412,13,High,Gym Leader Assistant,85,0,83,0,Unpredictable,17,0,1,0,0
2413,51,Middle,Scientist,37,0,37,0,Unpredictable,12,0,1,0,0
2414,25,High,Rocket Grunt,80,0,30,0,Unpredictable,1,0,1,0,0
2415,66,Low,Police Officer,43,0,35,0,Defensive,17,0,1,0,0
2416,20,High,Rocket Grunt,9,0,21,0,Unpredictable,21,0,1,0,0
2417,16,High,Nurse,35,0,57,0,Aggressive,3,0,1,0,0
2418,68,High,Casino Worker,95,0,72,0,Unpredictable,18,0,1,0,0
2419,56,Middle,Elite Trainer,17,0,66,0,Defensive,10,0,1,0,0
2420,22,Low,Elite Trainer,18,0,64,0,Aggressive,24,0,1,0,0
2421,16,Low,Nurse,19,0,59,0,Aggressive,8,0,1,0,0
2422,54,Middle,Underground Battler,73,0,57,0,Defensive,13,0,1,0,0
2423,53,High,Biker,41,0,52,0,Aggressive,10,0,1,0,0
2424,53,High,Nurse,56,0,21,0,Unpredictable,4,0,1,0,0
2425,27,Low,Rocket Grunt,35,0,31,0,Unpredictable,12,0,1,0,0
2426,34,High,Elite Trainer,80,0,82,0,Aggressive,22,0,1,0,0
2427,31,Low,Breeder,47,0,33,0,Unpredictable,12,1,0,1,1
2428,69,Low,Police Officer,74,0,21,0,Aggressive,5,0,1,0,0
2429,26,High,Champion,9,0,26,0,Aggressive,21,0,1,0,0
2430,41,Low,Scientist,21,0,32,0,Defensive,24,0,1,0,0
2431,59,High,Scientist,59,0,68,0,Aggressive,6,0,1,0,0
2432,59,Middle,PokéMart Seller,12,0,80,0,Aggressive,12,0,1,0,0
2433,62,Low,Researcher,14,0,84,0,Aggressive,7,0,1,0,0
2434,48,Middle,Biker,50,0,82,0,Defensive,21,0,1,0,0
2435,38,Low,Police Officer,73,0,42,0,Defensive,14,0,0,1,1
2436,21,Middle,Breeder,81,0,62,0,Defensive,16,0,1,0,0
2437,61,Low,Elite Trainer,27,0,25,0,Unpredictable,8,0,1,0,0
2438,37,Middle,Researcher,17,0,70,0,Defensive,24,0,1,0,0
2439,20,High,Daycare Worker,98,0,43,0,Aggressive,14,0,1,0,0
2440,10,Middle,Daycare Worker,100,0,38,0,Defensive,19,0,1,0,0
2441,38,Middle,Biker,27,0,41,0,Aggressive,9,0,1,0,0
2442,57,Middle,Researcher,52,0,69,0,Defensive,14,0,1,0,0
2443,53,Middle,Black Market Dealer,73,0,68,0,Defensive,24,0,1,0,0
2444,24,Middle,Police Officer,48,1,38,0,Defensive,22,1,0,1,1
2445,35,High,Biker,35,0,45,0,Unpredictable,13,0,1,0,0
2446,61,Middle,Casino Worker,32,0,81,0,Aggressive,17,0,1,0,0
2447,65,High,PokéMart Seller,57,0,25,0,Unpredictable,18,0,1,0,0
2448,15,Middle,PokéMart Seller,17,0,30,0,Defensive,14,0,1,0,0
2449,32,High,Rocket Grunt,7,0,34,0,Defensive,23,0,1,0,0
2450,69,Middle,Elite Trainer,84,1,39,0,Aggressive,27,0,1,1,1
2451,39,Low,Breeder,98,0,57,0,Unpredictable,10,0,1,0,0
2452,33,Low,Scientist,21,0,64,0,Unpredictable,17,1,0,1,1
2453,23,Low,Researcher,29,0,47,0,Unpredictable,15,0,1,0,0
2454,50,Low,Biker,11,0,26,0,Aggressive,23,0,1,0,0
2455,15,Low,Rocket Grunt,46,0,71,0,Unpredictable,3,0,1,0,0
2456,21,Middle,Fisherman,40,0,71,0,Aggressive,6,0,1,0,0
2457,53,Low,Rocket Grunt,56,0,30,0,Defensive,11,0,1,0,0
2458,69,Middle,Underground Battler,49,0,52,0,Aggressive,18,0,1,0,0
2459,17,Low,Biker,36,0,61,0,Aggressive,4,0,1,0,0
2460,48,Middle,Underground Battler,39,0,82,0,Aggressive,15,0,1,0,0
2461,63,Low,Fisherman,59,0,45,0,Unpredictable,4,0,1,0,0
2462,66,Middle,Researcher,13,0,41,0,Defensive,17,0,1,0,0
2463,15,Middle,Casino Worker,10,0,77,0,Unpredictable,3,0,1,0,0
2464,43,Middle,Breeder,74,0,54,0,Aggressive,17,0,1,0,0
2465,63,High,Underground Battler,14,0,53,0,Aggressive,15,0,1,0,0
2466,64,High,Casino Worker,68,0,48,0,Aggressive,7,0,1,0,0
2467,17,Middle,Casino Worker,91,0,85,0,Defensive,7,0,1,0,0
2468,66,Low,Underground Battler,92,0,66,0,Defensive,18,0,1,0,0
2469,58,Middle,Fisherman,8,0,83,0,Defensive,19,0,1,0,0
2470,23,Middle,Underground Battler,56,0,44,0,Defensive,2,0,1,0,0
2471,24,Low,Casino Worker,86,0,47,0,Defensive,9,0,1,0,0
2472,21,Middle,Breeder,97,0,31,0,Aggressive,16,0,1,0,0
2473,43,Middle,PokéMart Seller,28,0,84,0,Defensive,16,1,0,1,1
2474,55,Low,Nurse,17,0,42,0,Defensive,29,0,0,1,0
2475,30,Middle,Breeder,65,0,66,0,Unpredictable,14,0,1,0,0
2476,16,High,Police Officer,14,0,79,0,Aggressive,20,1,0,1,1
2477,50,High,Fisherman,56,0,25,0,Aggressive,0,0,1,0,0
2478,61,Middle,Gym Leader Assistant,57,0,35,0,Aggressive,15,0,1,0,0
2479,32,Low,Underground Battler,73,0,32,0,Aggressive,4,0,1,0,0
2480,40,Low,Elite Trainer,85,1,81,0,Defensive,19,0,1,1,1
2481,67,Middle,Nurse,39,1,84,0,Unpredictable,24,1,0,1,1
2482,53,High,Underground Battler,24,0,77,0,Aggressive,13,0,1,0,0
2483,34,Middle,Champion,42,0,26,0,Aggressive,18,0,1,0,0
2484,36,Middle,Rocket Grunt,26,1,84,0,Aggressive,26,0,0,1,1
2485,52,Low,Police Officer,73,0,50,0,Unpredictable,17,0,1,0,0
2486,42,Middle,PokéMart Seller,84,0,42,0,Defensive,24,0,1,0,0
2487,56,Middle,Biker,82,1,65,0,Defensive,30,1,0,1,1
2488,34,High,Underground Battler,55,0,37,0,Defensive,12,0,1,0,0
2489,59,High,Biker,36,0,85,0,Defensive,22,0,1,0,0
2490,12,High,Police Officer,67,0,46,0,Defensive,19,0,0,1,1
2491,64,Low,Biker,49,0,22,0,Aggressive,17,0,1,0,0
2492,13,High,Casino Worker,64,0,29,0,Defensive,22,0,1,0,0
2493,53,Middle,Police Officer,76,0,50,0,Defensive,2,0,1,0,0
2494,34,Low,Nurse,84,0,50,0,Defensive,17,0,1,0,0
2495,68,Low,Nurse,17,0,53,0,Aggressive,18,0,1,0,0
2496,67,Low,Police Officer,37,0,69,0,Aggressive,18,0,1,0,0
2497,32,Low,Gym Leader Assistant,57,0,73,0,Aggressive,5,0,1,1,1
2498,25,Middle,Scientist,21,0,56,0,Unpredictable,0,0,1,0,0
2499,58,Middle,Underground Battler,22,0,36,0,Unpredictable,2,0,1,0,0
2500,46,Low,Police Officer,87,0,46,0,Aggressive,1,0,1,0,0
2501,33,High,Nurse,92,0,78,0,Unpredictable,25,0,1,0,0
2502,63,High,Black Market Dealer,13,0,53,0,Unpredictable,12,0,1,0,0
2503,50,Low,Scientist,24,0,46,0,Unpredictable,15,0,1,0,0
2504,66,Low,Elite Trainer,98,0,72,0,Unpredictable,17,0,1,0,0
2505,23,Low,Underground Battler,92,0,44,1,Aggressive,5,0,1,1,0
2506,59,Middle,Daycare Worker,68,0,55,0,Unpredictable,11,1,0,1,1
2507,66,Low,Researcher,46,0,57,0,Aggressive,25,0,1,0,0
2508,55,Low,Biker,46,0,67,0,Unpredictable,15,0,1,0,0
2509,68,Middle,Police Officer,76,1,68,0,Aggressive,27,1,0,1,1
2510,62,Middle,Researcher,86,1,32,0,Aggressive,5,0,1,1,0
2511,37,Middle,Breeder,42,1,85,0,Aggressive,12,0,1,1,0
2512,64,Low,Breeder,16,0,51,0,Aggressive,18,0,1,0,0
2513,41,Middle,Scientist,92,0,67,0,Aggressive,23,0,1,0,0
2514,40,Low,Daycare Worker,58,1,44,0,Aggressive,13,1,0,1,1
2515,40,High,Underground Battler,77,0,21,0,Unpredictable,18,0,1,0,0
2516,66,Low,Rocket Grunt,35,0,77,0,Defensive,15,0,1,0,0
2517,47,Middle,PokéMart Seller,11,0,43,0,Unpredictable,4,0,1,0,0
2518,43,High,Researcher,36,1,78,0,Aggressive,4,0,1,1,0
2519,22,Middle,Casino Worker,46,0,45,0,Aggressive,20,0,1,0,0
2520,14,Middle,Elite Trainer,51,0,27,0,Aggressive,14,0,1,0,0
2521,34,High,Breeder,18,0,75,0,Unpredictable,16,0,1,0,0
2522,21,High,Daycare Worker,22,0,55,0,Aggressive,25,0,1,0,0
2523,34,Low,Daycare Worker,21,0,75,0,Unpredictable,13,0,1,0,0
2524,44,Middle,Casino Worker,60,0,43,0,Unpredictable,4,0,1,0,0
2525,15,Low,Underground Battler,54,0,39,0,Unpredictable,26,1,0,1,1
2526,62,High,Champion,10,0,43,0,Aggressive,13,0,1,0,0
2527,52,Middle,Researcher,70,1,53,0,Aggressive,9,1,1,1,1
2528,30,Middle,PokéMart Seller,60,0,70,0,Defensive,4,0,1,0,0
2529,69,Middle,Black Market Dealer,80,0,41,0,Defensive,16,0,1,0,0
2530,65,Low,Black Market Dealer,28,0,38,0,Defensive,0,0,1,0,0
2531,46,High,Champion,43,0,65,0,Defensive,2,0,1,0,0
2532,32,Low,Researcher,40,0,64,0,Defensive,6,0,1,0,0
2533,67,Middle,Casino Worker,64,0,58,0,Aggressive,9,0,0,1,1
2534,20,Low,Police Officer,15,1,44,0,Aggressive,17,0,1,1,1
2535,20,Middle,Breeder,30,0,64,0,Unpredictable,12,0,1,0,0
2536,65,Low,Underground Battler,6,0,80,0,Defensive,22,0,1,0,0
2537,68,Low,Breeder,75,0,51,0,Unpredictable,22,0,1,0,0
2538,26,Middle,Casino Worker,75,0,67,0,Unpredictable,8,0,1,0,0
2539,53,Low,Nurse,26,0,63,0,Aggressive,23,0,1,0,0
2540,29,High,Casino Worker,7,0,64,0,Aggressive,16,0,1,0,0
2541,63,Low,Champion,84,0,55,0,Unpredictable,13,0,1,0,0
2542,21,Middle,Underground Battler,44,1,89,0,Unpredictable,16,1,0,1,1
2543,43,Middle,Gym Leader Assistant,60,0,30,0,Unpredictable,10,0,1,0,0
2544,23,High,Fisherman,79,0,59,0,Aggressive,25,0,1,0,0
2545,42,Low,Scientist,97,0,21,0,Aggressive,11,0,1,0,0
2546,10,Middle,PokéMart Seller,17,0,27,0,Aggressive,20,0,1,0,0
2547,69,Middle,PokéMart Seller,94,0,39,0,Aggressive,5,0,1,0,0
2548,44,Middle,Researcher,86,0,50,0,Unpredictable,11,1,0,1,1
2549,53,High,Breeder,89,0,40,0,Aggressive,25,0,1,0,0
2550,60,Middle,Biker,99,0,30,0,Unpredictable,4,0,1,0,0
2551,37,Middle,Rocket Grunt,98,0,38,0,Defensive,13,0,1,0,0
2552,45,Low,Police Officer,12,0,22,0,Unpredictable,13,0,1,0,0
2553,51,Low,Casino Worker,73,0,85,0,Unpredictable,13,0,1,0,0
2554,42,Low,PokéMart Seller,68,0,51,0,Defensive,8,0,1,0,0
2555,23,Middle,Gym Leader Assistant,86,0,40,0,Aggressive,15,0,1,0,0
2556,63,Low,Biker,28,0,38,0,Defensive,12,0,1,0,0
2557,59,Low,PokéMart Seller,15,0,75,0,Defensive,9,0,1,0,0
2558,35,Low,Gym Leader Assistant,74,0,84,0,Aggressive,8,0,1,0,0
2559,13,Middle,PokéMart Seller,99,0,21,0,Defensive,19,0,1,0,0
2560,38,Middle,Scientist,74,0,37,0,Aggressive,14,0,1,0,0
2561,34,High,Elite Trainer,48,1,33,1,Aggressive,27,0,0,1,1
2562,29,Low,Champion,29,0,37,0,Unpredictable,3,0,1,0,0
2563,36,Middle,Underground Battler,93,0,58,0,Aggressive,10,0,1,0,0
2564,62,Middle,Nurse,30,0,73,0,Unpredictable,10,0,1,0,0
2565,30,Middle,Nurse,12,0,34,0,Defensive,2,0,1,0,0
2566,69,Low,PokéMart Seller,47,0,26,0,Aggressive,5,0,1,0,0
2567,38,Low,Researcher,97,0,39,0,Defensive,13,0,1,0,0
2568,48,Middle,Rocket Grunt,90,0,32,0,Aggressive,18,0,1,0,0
2569,52,Low,Breeder,50,0,82,0,Aggressive,23,0,1,0,0
2570,63,Middle,PokéMart Seller,42,0,41,0,Unpredictable,14,0,1,0,0
2571,60,Middle,Breeder,33,0,44,0,Aggressive,1,0,1,0,0
2572,11,Middle,Rocket Grunt,10,0,80,0,Aggressive,23,0,1,0,0
2573,23,Middle,Nurse,26,0,39,0,Unpredictable,21,0,1,0,0
2574,44,High,Champion,39,0,70,0,Aggressive,23,0,1,0,0
2575,36,Middle,Daycare Worker,73,0,55,0,Unpredictable,9,0,1,0,0
2576,60,High,Nurse,87,0,56,0,Defensive,5,0,1,0,0
2577,55,Middle,Police Officer,32,0,31,0,Aggressive,1,0,1,0,0
2578,61,High,Rocket Grunt,17,0,70,0,Unpredictable,0,0,1,0,0
2579,59,Low,Fisherman,9,0,64,1,Defensive,25,0,0,1,1
2580,16,Middle,Biker,71,0,43,0,Aggressive,5,0,1,0,0
2581,47,Low,Underground Battler,58,0,27,0,Defensive,8,0,1,0,0
2582,56,Middle,Breeder,44,0,62,0,Aggressive,4,0,1,0,0
2583,59,Middle,Fisherman,89,0,44,0,Defensive,23,0,1,0,0
2584,13,High,Breeder,97,1,66,0,Aggressive,22,0,1,1,1
2585,47,Middle,Scientist,16,0,39,0,Defensive,9,0,1,0,0
2586,60,Low,Gym Leader Assistant,16,0,46,0,Unpredictable,21,0,0,1,1
2587,45,Low,Champion,27,0,45,0,Aggressive,6,0,1,0,0
2588,69,Middle,Researcher,76,0,59,0,Aggressive,8,0,1,0,0
2589,65,Middle,Underground Battler,14,0,39,0,Unpredictable,6,0,1,0,0
2590,57,Middle,Casino Worker,42,0,73,0,Aggressive,21,1,0,1,1
2591,29,High,Underground Battler,6,0,75,0,Defensive,13,0,1,0,0
2592,10,Low,Elite Trainer,72,0,77,0,Aggressive,24,0,1,0,0
2593,42,Low,Underground Battler,58,0,35,0,Aggressive,15,0,1,0,0
2594,61,Middle,Champion,53,0,73,0,Defensive,8,0,1,0,0
2595,28,Middle,Underground Battler,17,0,61,0,Unpredictable,12,0,1,0,0
2596,35,Middle,Researcher,26,0,29,0,Aggressive,8,0,1,0,0
2597,33,Middle,Underground Battler,56,0,55,0,Unpredictable,7,0,1,0,0
2598,18,Low,Rocket Grunt,38,0,31,0,Unpredictable,18,0,1,0,0
2599,34,Low,Elite Trainer,43,0,21,0,Unpredictable,3,0,1,0,0
2600,66,Middle,Nurse,81,0,20,0,Aggressive,22,0,1,0,0
2601,45,Low,Biker,15,0,45,0,Aggressive,4,0,1,0,0
2602,69,High,Underground Battler,42,0,84,0,Aggressive,13,0,1,0,0
2603,60,Low,Biker,81,0,55,0,Unpredictable,9,0,1,0,0
2604,61,Middle,Nurse,49,0,39,0,Defensive,4,0,1,0,0
2605,46,High,Scientist,57,0,80,0,Defensive,3,0,1,0,0
2606,61,Middle,Gym Leader Assistant,31,0,85,0,Unpredictable,8,0,1,0,0
2607,13,Middle,Underground Battler,5,0,41,0,Aggressive,20,0,1,0,0
2608,31,High,Biker,63,0,47,0,Defensive,4,0,1,0,0
2609,70,High,Gym Leader Assistant,51,0,47,0,Unpredictable,18,0,1,0,0
2610,55,Low,Black Market Dealer,33,0,23,0,Unpredictable,12,0,1,0,0
2611,42,Low,Black Market Dealer,73,0,81,0,Unpredictable,5,0,1,0,0
2612,17,Low,Champion,21,0,25,0,Unpredictable,11,0,1,0,0
2613,47,Low,Casino Worker,47,0,41,0,Aggressive,17,0,1,0,0
2614,47,Low,PokéMart Seller,90,0,30,0,Unpredictable,8,0,1,0,0
2615,55,Middle,Breeder,95,0,85,0,Aggressive,1,0,1,0,0
2616,65,Low,Gym Leader Assistant,26,0,28,0,Aggressive,5,0,1,0,0
2617,55,Low,Police Officer,52,0,44,0,Aggressive,4,0,1,0,0
2618,58,High,Biker,77,0,21,0,Aggressive,25,0,1,0,0
2619,33,Middle,Biker,38,1,81,0,Defensive,6,1,0,1,1
2620,33,Low,Gym Leader Assistant,59,0,23,0,Unpredictable,21,0,1,0,0
2621,39,Low,Gym Leader Assistant,77,0,27,0,Unpredictable,25,0,1,0,0
2622,26,Low,Elite Trainer,92,0,58,0,Unpredictable,26,0,0,1,1
2623,29,Low,Rocket Grunt,70,0,26,0,Defensive,25,0,1,0,0
2624,67,Low,Biker,77,1,67,0,Aggressive,9,1,0,1,1
2625,46,Middle,Elite Trainer,82,0,25,0,Unpredictable,10,0,1,0,0
2626,58,Middle,Elite Trainer,20,0,54,0,Unpredictable,22,0,1,0,0
2627,41,Low,Rocket Grunt,76,0,83,0,Aggressive,8,0,1,0,0
2628,25,Middle,Champion,58,1,79,0,Aggressive,6,1,0,1,1
2629,27,High,Police Officer,76,0,39,0,Unpredictable,8,0,1,0,0
2630,13,Middle,Black Market Dealer,74,0,88,0,Aggressive,25,0,0,1,1
2631,16,Middle,Researcher,66,0,74,1,Unpredictable,30,0,0,1,1
2632,61,Middle,Daycare Worker,5,0,44,0,Defensive,14,0,1,0,0
2633,16,Middle,Fisherman,89,0,31,0,Unpredictable,4,0,1,0,0
2634,47,Middle,Biker,24,0,33,0,Unpredictable,22,0,1,0,0
2635,21,Middle,Daycare Worker,13,1,78,0,Unpredictable,13,0,1,1,1
2636,18,Middle,Researcher,73,0,55,0,Unpredictable,3,0,1,0,0
2637,21,High,Police Officer,78,0,27,0,Defensive,0,0,1,0,0
2638,10,Low,Biker,15,0,57,0,Defensive,2,0,1,0,0
2639,43,High,Researcher,8,0,84,0,Defensive,6,0,1,0,0
2640,30,Middle,Researcher,53,0,83,0,Aggressive,20,0,1,0,0
2641,52,High,Police Officer,93,1,62,0,Unpredictable,4,1,0,1,1
2642,48,Middle,Scientist,16,0,62,0,Aggressive,12,0,1,0,0
2643,21,Middle,Gym Leader Assistant,60,0,84,0,Unpredictable,25,0,1,0,0
2644,28,Low,Champion,84,0,49,0,Unpredictable,25,0,1,0,0
2645,51,High,Breeder,8,0,78,0,Unpredictable,5,0,1,0,0
2646,61,Middle,Scientist,14,0,60,0,Unpredictable,25,0,1,0,0
2647,30,Middle,Nurse,84,0,27,0,Defensive,4,0,1,0,0
2648,52,Middle,Black Market Dealer,94,0,60,0,Unpredictable,14,0,1,0,0
2649,41,Middle,Breeder,38,0,71,0,Aggressive,30,0,0,1,1
2650,57,High,Champion,60,1,64,0,Unpredictable,28,1,1,1,1
2651,34,High,Scientist,25,0,29,0,Unpredictable,18,0,1,0,0
2652,30,Middle,Gym Leader Assistant,44,0,50,0,Aggressive,3,0,1,0,0
2653,64,Middle,Police Officer,10,0,57,0,Aggressive,10,0,1,0,0
2654,36,Low,Biker,59,0,75,0,Aggressive,18,0,1,0,0
2655,51,Middle,Biker,75,0,27,0,Aggressive,16,0,1,0,0
2656,26,Middle,Rocket Grunt,7,0,30,0,Defensive,17,1,1,1,0
2657,46,High,PokéMart Seller,56,0,44,0,Aggressive,2,0,1,0,0
2658,60,High,Elite Trainer,47,0,75,0,Defensive,18,0,1,0,0
2659,53,Middle,Police Officer,53,0,83,0,Unpredictable,22,0,1,0,0
2660,30,Low,Nurse,87,0,63,0,Defensive,13,0,1,0,0
2661,68,High,Researcher,42,0,65,0,Unpredictable,7,0,1,0,0
2662,46,Middle,PokéMart Seller,35,0,31,0,Defensive,0,0,1,0,0
2663,38,High,Champion,60,0,66,0,Aggressive,18,0,1,0,0
2664,14,Middle,Underground Battler,28,0,29,0,Unpredictable,20,0,1,0,0
2665,49,Middle,Breeder,65,0,37,0,Unpredictable,23,0,1,0,0
2666,13,High,Elite Trainer,95,0,65,0,Aggressive,17,0,1,0,0
2667,31,Low,Champion,32,0,52,0,Defensive,3,0,1,0,0
2668,23,High,Underground Battler,69,0,80,0,Defensive,18,0,1,0,0
2669,29,Low,Scientist,13,0,84,0,Aggressive,0,0,1,0,0
2670,24,Middle,Underground Battler,38,0,37,0,Aggressive,13,0,1,0,0
2671,53,Low,Biker,97,1,87,0,Aggressive,26,1,0,1,0
2672,66,High,Police Officer,30,1,44,0,Aggressive,12,0,0,1,1
2673,64,Low,Casino Worker,9,1,67,0,Defensive,30,0,0,1,0
2674,69,Low,Elite Trainer,90,0,49,0,Unpredictable,13,0,1,0,0
2675,26,Low,Police Officer,48,0,33,0,Aggressive,10,0,1,0,0
2676,32,High,Underground Battler,50,0,72,0,Defensive,19,0,1,0,0
2677,64,Low,Elite Trainer,72,0,48,0,Defensive,5,0,1,0,0
2678,51,Low,Black Market Dealer,67,0,79,0,Unpredictable,15,0,1,0,0
2679,15,Middle,Champion,39,0,44,0,Defensive,25,0,1,0,0
2680,64,High,Biker,16,0,55,0,Unpredictable,15,0,1,0,0
2681,24,Low,Daycare Worker,91,0,58,0,Defensive,20,0,1,0,0
2682,17,High,Biker,16,0,71,0,Aggressive,4,0,1,0,0
2683,48,Middle,Casino Worker,85,0,84,0,Unpredictable,6,0,1,0,0
2684,48,High,Underground Battler,74,0,61,0,Defensive,22,0,1,0,0
2685,48,High,Gym Leader Assistant,26,0,34,0,Defensive,3,0,1,0,0
2686,68,Middle,Fisherman,29,0,57,0,Defensive,13,0,1,0,0
2687,18,High,Police Officer,70,0,83,0,Unpredictable,20,0,1,0,0
2688,20,Middle,Fisherman,22,0,71,0,Defensive,2,0,1,0,0
2689,37,Middle,Elite Trainer,9,0,69,0,Unpredictable,3,0,1,0,0
2690,40,Middle,Breeder,89,0,82,0,Defensive,8,1,0,1,0
2691,40,Middle,Champion,86,0,60,0,Aggressive,7,0,1,0,0
2692,15,Middle,Daycare Worker,41,1,34,0,Aggressive,13,0,0,1,1
2693,66,Low,Rocket Grunt,100,1,85,0,Defensive,28,1,0,1,1
2694,46,Low,Breeder,72,0,43,0,Defensive,15,0,1,0,0
2695,51,Middle,Scientist,50,0,32,0,Unpredictable,6,0,0,1,1
2696,34,Low,Police Officer,51,0,79,0,Defensive,18,0,1,0,0
2697,48,Low,Underground Battler,99,0,34,0,Defensive,2,0,1,0,0
2698,30,High,Champion,89,0,29,0,Defensive,16,0,1,0,0
2699,17,High,Researcher,33,0,78,0,Aggressive,14,1,0,1,1
2700,63,High,Underground Battler,57,0,40,0,Defensive,14,0,1,0,0
2701,18,Middle,Gym Leader Assistant,83,0,27,0,Aggressive,14,0,1,0,0
2702,14,Middle,Black Market Dealer,75,0,47,0,Defensive,12,0,1,0,0
2703,50,High,Breeder,24,0,37,0,Unpredictable,27,1,0,1,1
2704,47,Middle,Gym Leader Assistant,27,0,46,0,Aggressive,11,0,1,0,0
2705,36,Low,Biker,17,1,87,0,Unpredictable,19,0,1,1,1
2706,38,High,Breeder,89,0,40,0,Aggressive,16,0,1,0,0
2707,27,Middle,Researcher,59,0,30,0,Defensive,2,0,1,0,0
2708,53,Middle,Scientist,26,0,30,0,Unpredictable,19,0,1,0,0
2709,28,Low,Police Officer,74,0,33,0,Defensive,14,0,1,0,0
2710,27,Low,PokéMart Seller,39,0,40,0,Defensive,13,0,1,0,0
2711,63,Low,Police Officer,79,0,81,0,Unpredictable,16,0,1,0,0
2712,58,High,Breeder,76,0,26,0,Aggressive,18,0,1,0,0
2713,60,Middle,Elite Trainer,31,1,64,0,Unpredictable,9,0,0,1,1
2714,39,Middle,Rocket Grunt,53,1,75,0,Aggressive,5,1,1,1,1
2715,20,High,Elite Trainer,43,0,55,0,Unpredictable,24,0,1,0,0
2716,68,Low,Underground Battler,56,0,71,0,Aggressive,3,0,1,0,0
2717,41,Middle,Scientist,53,0,55,0,Aggressive,12,0,1,0,0
2718,44,Middle,PokéMart Seller,78,0,85,0,Defensive,13,0,1,0,0
2719,42,Middle,Black Market Dealer,84,0,64,0,Aggressive,17,0,1,0,0
2720,44,Low,Champion,99,0,64,0,Aggressive,24,0,1,0,0
2721,28,High,Scientist,32,0,48,0,Defensive,12,0,1,0,0
2722,30,Middle,PokéMart Seller,61,0,61,0,Aggressive,2,0,1,0,0
2723,48,High,Champion,39,0,47,0,Unpredictable,18,0,1,0,0
2724,64,Low,Scientist,73,0,81,0,Unpredictable,9,0,1,0,0
2725,67,Low,Breeder,63,0,83,0,Unpredictable,14,0,1,0,0
2726,40,Low,Nurse,100,0,76,0,Aggressive,6,0,1,0,0
2727,27,Middle,Researcher,37,0,21,0,Aggressive,4,0,1,0,0
2728,67,Low,Daycare Worker,9,0,85,0,Aggressive,19,0,1,0,0
2729,12,Middle,Biker,100,0,33,0,Defensive,4,0,1,0,0
2730,24,Middle,Underground Battler,72,0,58,0,Aggressive,7,0,1,0,0
2731,44,Low,Champion,37,0,32,0,Defensive,5,0,1,0,0
2732,53,Middle,Nurse,59,0,34,0,Aggressive,18,0,1,0,0
2733,20,Middle,Gym Leader Assistant,85,0,60,0,Unpredictable,23,0,1,0,0
2734,19,Low,Casino Worker,26,0,50,0,Defensive,21,0,1,0,0
2735,52,Middle,Casino Worker,90,0,44,0,Defensive,5,0,1,0,0
2736,25,Middle,Biker,62,0,41,0,Defensive,12,0,1,0,0
2737,22,Low,Elite Trainer,36,0,81,0,Unpredictable,22,0,1,0,0
2738,34,Low,Researcher,51,0,72,0,Defensive,24,0,1,0,0
2739,48,Middle,Underground Battler,68,0,42,0,Unpredictable,18,0,1,0,0
2740,13,Low,Daycare Worker,24,0,55,0,Defensive,7,0,1,0,0
2741,41,Middle,Police Officer,67,0,58,0,Unpredictable,9,0,1,0,0
2742,56,Middle,Elite Trainer,52,0,82,0,Defensive,10,0,1,0,0
2743,44,Middle,Underground Battler,41,0,36,0,Defensive,12,0,1,0,0
2744,26,Low,Scientist,57,0,42,0,Defensive,19,0,1,0,0
2745,31,Middle,Breeder,28,0,24,0,Aggressive,0,0,1,0,0
2746,50,Low,Daycare Worker,8,0,64,0,Aggressive,18,0,1,0,0
2747,11,Low,Breeder,7,0,31,0,Aggressive,7,0,1,0,0
2748,51,Low,Gym Leader Assistant,20,0,82,0,Aggressive,2,0,1,0,0
2749,45,Low,Champion,43,0,62,0,Defensive,13,0,1,0,0
2750,38,Middle,Scientist,62,0,64,0,Aggressive,22,0,1,0,0
2751,49,Middle,Underground Battler,39,0,79,0,Defensive,1,0,1,0,0
2752,34,Low,PokéMart Seller,33,1,34,0,Aggressive,29,0,0,1,1
2753,67,High,Elite Trainer,97,0,60,0,Unpredictable,2,0,1,0,0
2754,10,Middle,Biker,73,0,52,0,Defensive,20,0,1,0,0
2755,57,Middle,Casino Worker,71,0,75,0,Defensive,5,0,1,0,0
2756,56,Middle,Champion,20,0,74,0,Defensive,7,0,1,1,1
2757,34,Low,Rocket Grunt,58,0,33,0,Unpredictable,6,0,1,0,0
2758,27,Middle,Casino Worker,5,0,42,0,Unpredictable,15,0,0,1,1
2759,25,Middle,Breeder,96,0,44,0,Unpredictable,2,0,1,0,0
2760,24,Low,Underground Battler,27,0,44,0,Unpredictable,16,0,1,0,0
2761,62,Middle,Biker,26,0,30,0,Unpredictable,4,0,1,0,0
2762,20,Middle,Elite Trainer,72,0,42,0,Unpredictable,2,0,1,0,0
2763,11,Middle,Rocket Grunt,26,0,76,0,Unpredictable,3,1,0,1,1
2764,32,Middle,Fisherman,76,0,74,0,Aggressive,15,0,1,0,0
2765,58,Middle,Biker,60,1,85,0,Unpredictable,13,1,0,1,1
2766,69,Middle,Black Market Dealer,80,0,41,0,Defensive,13,0,1,0,0
2767,70,Low,Champion,22,0,75,0,Defensive,21,0,1,0,0
2768,51,High,Champion,72,0,69,0,Defensive,6,0,1,0,0
2769,13,Middle,Rocket Grunt,21,0,50,0,Defensive,2,0,1,0,0
2770,13,Low,Underground Battler,47,0,53,0,Aggressive,5,0,1,0,0
2771,22,Low,Daycare Worker,13,0,30,0,Aggressive,11,0,1,0,0
2772,49,Low,Researcher,56,0,25,0,Aggressive,11,0,1,0,0
2773,64,Low,Black Market Dealer,78,0,59,0,Unpredictable,9,1,1,1,1
2774,10,Low,Biker,69,0,61,0,Aggressive,10,0,1,0,0
2775,11,Low,Biker,21,0,67,0,Aggressive,7,1,0,1,1
2776,15,Middle,Rocket Grunt,53,0,59,0,Defensive,24,0,1,0,0
2777,53,Low,Police Officer,79,0,26,0,Unpredictable,6,0,1,0,0
2778,12,Low,Breeder,58,0,30,0,Unpredictable,2,0,1,0,0
2779,53,Low,Police Officer,62,0,82,0,Defensive,21,1,1,1,1
2780,45,Low,Rocket Grunt,60,0,29,0,Aggressive,18,0,1,0,0
2781,15,Middle,Nurse,46,0,78,0,Unpredictable,23,0,1,0,0
2782,20,High,Champion,85,0,67,0,Unpredictable,23,0,1,0,0
2783,48,Low,Breeder,57,0,46,0,Aggressive,10,0,1,0,0
2784,31,Low,Elite Trainer,94,0,70,0,Unpredictable,23,0,1,0,0
2785,62,Middle,Casino Worker,77,0,73,0,Aggressive,4,0,1,0,0
2786,65,Low,Biker,59,0,76,0,Defensive,20,0,1,0,0
2787,66,Middle,Casino Worker,99,0,28,0,Unpredictable,22,0,1,0,0
2788,11,Low,Champion,27,0,30,0,Aggressive,17,0,1,0,0
2789,25,Middle,Underground Battler,94,0,44,0,Defensive,12,0,1,0,0
2790,68,Low,Scientist,87,0,30,0,Aggressive,25,0,1,0,0
2791,36,Middle,Gym Leader Assistant,37,0,54,0,Aggressive,15,0,1,0,0
2792,27,Low,Police Officer,67,0,84,0,Aggressive,28,1,1,1,1
2793,67,Middle,PokéMart Seller,65,1,89,0,Aggressive,18,0,0,1,1
2794,23,Middle,Researcher,79,0,21,0,Unpredictable,22,0,1,0,0
2795,29,Low,Daycare Worker,90,0,26,0,Aggressive,21,0,1,0,0
2796,21,Middle,Scientist,61,0,55,0,Defensive,19,0,1,0,0
2797,29,High,Champion,77,0,24,0,Defensive,13,0,1,0,0
2798,59,Low,Biker,5,0,65,0,Aggressive,18,0,1,0,0
2799,49,High,Scientist,72,0,32,0,Aggressive,0,0,1,0,0
2800,22,Low,Rocket Grunt,30,0,70,0,Defensive,19,0,1,0,0
2801,18,Middle,Researcher,35,0,29,0,Unpredictable,9,0,1,0,0
2802,65,Low,Breeder,7,0,75,0,Defensive,22,0,1,0,0
2803,65,Low,Fisherman,52,0,53,0,Defensive,1,0,1,0,0
2804,32,High,Gym Leader Assistant,36,0,59,0,Defensive,23,0,0,1,1
2805,53,Low,Nurse,88,0,45,0,Defensive,5,0,1,0,0
2806,40,High,Fisherman,98,0,51,0,Aggressive,18,0,1,0,0
2807,56,Low,PokéMart Seller,9,0,80,0,Unpredictable,3,0,1,0,0
2808,11,High,Black Market Dealer,64,0,63,0,Unpredictable,24,0,1,0,0
2809,11,High,Gym Leader Assistant,51,0,59,0,Defensive,14,0,1,0,0
2810,18,High,Breeder,80,0,30,0,Unpredictable,9,0,1,0,0
2811,50,Low,Nurse,84,0,80,0,Unpredictable,25,0,1,0,0
2812,17,Middle,Police Officer,66,0,84,0,Aggressive,13,0,1,0,0
2813,31,High,Breeder,68,0,59,0,Aggressive,18,0,1,0,0
2814,66,Middle,PokéMart Seller,95,1,90,0,Aggressive,3,0,0,1,1
2815,54,Middle,Casino Worker,62,1,87,0,Defensive,23,1,0,1,0
2816,69,Low,Researcher,94,0,80,0,Aggressive,4,0,0,1,0
2817,34,Low,Nurse,79,0,37,0,Unpredictable,19,0,1,0,0
2818,25,High,Underground Battler,37,0,85,0,Unpredictable,11,0,1,0,0
2819,55,Low,PokéMart Seller,34,0,32,0,Defensive,18,0,1,0,0
2820,45,Middle,Fisherman,79,0,56,0,Defensive,4,0,1,0,0
2821,24,Middle,Researcher,81,1,72,0,Aggressive,24,0,0,1,1
2822,60,Middle,Researcher,70,0,67,0,Aggressive,5,0,1,0,0
2823,23,Middle,Daycare Worker,8,0,84,0,Aggressive,10,0,1,0,0
2824,70,Low,Daycare Worker,37,0,50,0,Aggressive,13,0,1,0,0
2825,32,Middle,Researcher,6,0,82,0,Defensive,9,0,1,0,0
2826,57,Middle,Biker,19,0,62,0,Unpredictable,7,0,1,0,0
2827,44,High,Underground Battler,28,0,37,0,Defensive,17,0,1,1,1
2828,37,Low,Elite Trainer,29,0,73,0,Aggressive,3,0,1,0,0
2829,66,Low,PokéMart Seller,78,0,85,0,Unpredictable,6,0,0,1,1
2830,34,Middle,Casino Worker,10,0,83,0,Aggressive,2,0,1,0,0
2831,53,High,Scientist,32,0,61,0,Aggressive,14,0,1,0,0
2832,29,Low,Police Officer,100,1,37,1,Defensive,11,1,0,1,0
2833,49,Middle,Black Market Dealer,36,0,27,0,Unpredictable,17,0,1,0,0
2834,20,High,Rocket Grunt,30,0,55,0,Defensive,5,0,1,0,0
2835,20,Low,Gym Leader Assistant,17,0,72,0,Defensive,10,0,1,0,0
2836,16,Low,Breeder,70,0,40,0,Unpredictable,7,0,1,0,0
2837,38,High,Casino Worker,51,0,68,0,Aggressive,22,0,1,0,0
2838,35,Middle,Fisherman,16,0,66,0,Unpredictable,11,0,1,0,0
2839,59,Low,Breeder,69,0,80,0,Aggressive,24,0,1,0,0
2840,66,Middle,Elite Trainer,64,0,79,0,Aggressive,17,0,1,0,0
2841,62,Middle,Police Officer,63,0,30,0,Unpredictable,5,0,1,0,0
2842,31,Low,Police Officer,34,0,67,0,Aggressive,15,0,1,0,0
2843,68,High,Police Officer,74,0,48,0,Defensive,22,0,1,0,0
2844,15,Low,Gym Leader Assistant,77,0,41,1,Defensive,7,1,0,1,0
2845,39,Middle,Rocket Grunt,96,0,41,0,Defensive,4,0,1,0,0
2846,38,Middle,Breeder,14,0,64,0,Unpredictable,10,0,1,0,0
2847,38,Middle,Researcher,51,0,54,0,Aggressive,6,0,1,0,0
2848,61,Low,Casino Worker,52,0,57,0,Defensive,17,0,1,0,0
2849,65,Low,Champion,84,0,38,0,Unpredictable,12,0,1,0,0
2850,40,High,Daycare Worker,53,0,68,0,Defensive,1,0,1,0,0
2851,69,High,Scientist,42,0,41,0,Unpredictable,3,0,1,0,0
2852,27,Middle,Scientist,19,0,82,0,Unpredictable,3,0,1,0,0
2853,10,Middle,Police Officer,47,0,79,0,Aggressive,11,0,1,0,0
2854,28,Middle,PokéMart Seller,25,0,35,0,Aggressive,20,0,1,0,0
2855,26,Middle,Biker,6,0,66,0,Aggressive,24,0,1,0,0
2856,68,High,Fisherman,5,0,82,0,Unpredictable,19,0,1,0,0
2857,36,Low,Casino Worker,32,0,20,0,Defensive,15,0,1,0,0
2858,42,Middle,Casino Worker,29,0,54,0,Unpredictable,5,0,1,0,0
2859,27,High,Fisherman,47,0,30,0,Defensive,9,0,1,0,0
2860,37,Middle,Fisherman,46,0,36,0,Unpredictable,14,0,1,0,0
2861,12,Middle,Researcher,42,0,24,0,Aggressive,17,0,1,0,0
2862,14,Middle,Daycare Worker,19,1,59,0,Aggressive,22,0,0,1,1
2863,22,Middle,Nurse,30,0,71,0,Aggressive,4,0,1,0,0
2864,38,High,PokéMart Seller,72,0,81,0,Aggressive,2,0,1,0,0
2865,16,Low,Fisherman,47,0,37,0,Unpredictable,24,0,1,0,0
2866,17,Low,PokéMart Seller,83,0,84,0,Aggressive,2,0,1,0,0
2867,38,Middle,Black Market Dealer,61,1,31,0,Unpredictable,11,1,0,1,0
2868,10,Middle,Nurse,47,0,27,0,Unpredictable,11,0,1,0,0
2869,50,High,Gym Leader Assistant,68,0,26,0,Defensive,7,0,1,0,0
2870,21,Middle,Fisherman,98,0,65,0,Defensive,23,0,1,0,0
2871,56,Low,Casino Worker,30,0,26,0,Aggressive,14,0,1,0,0
2872,62,Middle,Fisherman,98,0,23,0,Aggressive,15,0,1,0,0
2873,12,High,Underground Battler,30,0,21,0,Defensive,19,0,1,0,0
2874,52,Middle,Gym Leader Assistant,85,0,70,0,Defensive,13,0,1,0,0
2875,52,Low,Elite Trainer,90,0,33,0,Unpredictable,22,0,1,0,0
2876,26,High,Scientist,59,0,25,0,Defensive,23,0,1,0,0
2877,17,Middle,Black Market Dealer,59,0,25,0,Unpredictable,9,0,1,0,0
2878,53,Middle,Fisherman,96,0,43,0,Unpredictable,19,0,1,0,0
2879,29,Middle,Breeder,55,0,30,0,Unpredictable,13,0,1,0,0
2880,13,High,Breeder,35,0,28,0,Unpredictable,11,0,1,0,0
2881,32,Middle,Biker,81,0,85,0,Defensive,0,0,1,0,0
2882,35,Low,Rocket Grunt,21,0,22,0,Aggressive,3,0,1,0,0
2883,60,Middle,Biker,96,0,54,0,Defensive,17,0,1,0,0
2884,15,Middle,Researcher,74,0,49,0,Aggressive,11,0,1,0,0
2885,23,Low,Champion,26,0,61,0,Unpredictable,3,0,1,0,0
2886,33,Middle,Breeder,54,0,49,0,Defensive,25,0,1,0,0
2887,19,Low,Researcher,11,0,20,0,Defensive,23,0,1,0,0
2888,20,Middle,Casino Worker,77,0,83,0,Unpredictable,22,0,1,0,0
2889,55,Middle,Breeder,32,0,29,0,Unpredictable,7,0,1,0,0
2890,31,High,Black Market Dealer,70,0,76,0,Unpredictable,8,0,1,0,0
2891,24,Middle,Casino Worker,52,0,45,0,Aggressive,25,0,1,0,0
2892,34,Middle,Elite Trainer,54,0,43,0,Defensive,15,0,1,0,0
2893,51,Low,Underground Battler,33,0,65,0,Unpredictable,16,0,1,0,0
2894,70,Middle,Daycare Worker,76,0,81,0,Unpredictable,5,0,1,0,0
2895,17,Middle,Elite Trainer,67,0,70,0,Unpredictable,12,0,1,0,0
2896,24,Middle,Black Market Dealer,62,0,54,0,Unpredictable,17,0,1,0,0
2897,15,Low,Nurse,91,0,24,0,Defensive,20,0,1,0,0
2898,60,Middle,Black Market Dealer,87,0,85,0,Aggressive,3,0,1,0,0
2899,28,Low,Black Market Dealer,85,0,46,0,Defensive,12,0,1,0,0
2900,23,Middle,Breeder,30,0,57,0,Aggressive,4,0,1,0,0
2901,64,High,Casino Worker,74,0,55,0,Unpredictable,18,0,1,0,0
2902,57,Middle,Scientist,80,0,47,0,Defensive,8,0,1,0,0
2903,62,Low,Daycare Worker,95,0,34,0,Defensive,10,0,1,0,0
2904,58,Low,Scientist,97,0,61,0,Unpredictable,1,0,1,0,0
2905,37,Low,Fisherman,9,0,45,0,Unpredictable,14,0,1,0,0
2906,54,Middle,Gym Leader Assistant,63,0,75,0,Unpredictable,22,0,1,0,0
2907,37,Middle,Researcher,45,0,77,0,Aggressive,0,0,1,0,0
2908,37,Middle,Black Market Dealer,97,0,20,0,Unpredictable,0,0,1,0,0
2909,21,Middle,Elite Trainer,95,0,66,1,Aggressive,10,0,0,1,1
2910,55,Low,PokéMart Seller,42,0,64,0,Defensive,5,0,1,0,0
2911,36,Low,Underground Battler,28,1,83,0,Aggressive,11,1,1,1,1
2912,50,Low,Casino Worker,26,0,28,0,Unpredictable,1,0,1,0,0
2913,46,High,Nurse,74,0,81,0,Aggressive,20,0,1,0,0
2914,62,Low,Elite Trainer,91,0,85,0,Aggressive,5,0,1,0,0
2915,58,Middle,Researcher,100,0,82,0,Aggressive,20,1,0,1,1
2916,31,Middle,Gym Leader Assistant,77,0,83,0,Defensive,15,0,1,0,0
2917,57,Low,Gym Leader Assistant,8,0,62,0,Unpredictable,14,0,1,0,0
2918,35,Middle,Breeder,25,0,76,0,Defensive,11,0,0,1,1
2919,18,High,Fisherman,72,0,42,0,Unpredictable,5,0,1,0,0
2920,49,Low,Police Officer,29,0,60,0,Defensive,13,0,1,0,0
2921,52,Middle,Black Market Dealer,69,0,43,0,Defensive,13,0,1,0,0
2922,68,High,Black Market Dealer,46,0,49,0,Defensive,24,0,1,0,0
2923,44,Middle,Biker,85,0,64,0,Unpredictable,14,0,1,0,0
2924,46,High,Biker,86,1,61,1,Unpredictable,30,0,1,1,1
2925,54,High,Biker,52,0,81,0,Defensive,5,0,1,0,0
2926,27,High,Daycare Worker,21,0,47,0,Aggressive,14,0,1,0,0
2927,68,Middle,Scientist,11,0,80,0,Defensive,1,0,1,0,0
2928,27,Low,Scientist,74,0,51,0,Unpredictable,1,0,1,0,0
2929,15,Middle,Breeder,92,0,80,0,Defensive,14,0,1,0,0
2930,49,High,Biker,95,0,65,0,Unpredictable,7,0,1,0,0
2931,51,High,Daycare Worker,78,0,25,0,Unpredictable,3,0,1,0,0
2932,61,Middle,Casino Worker,54,0,47,0,Unpredictable,10,0,1,0,0
2933,15,Low,Champion,15,0,45,0,Aggressive,16,0,1,0,0
2934,48,Low,Nurse,59,0,66,0,Defensive,23,0,1,0,0
2935,36,Middle,PokéMart Seller,20,0,80,0,Defensive,23,0,1,0,0
2936,16,Middle,Researcher,35,0,38,0,Unpredictable,13,0,1,0,0
2937,66,Middle,Nurse,70,0,75,0,Aggressive,2,0,1,0,0
2938,67,Low,Casino Worker,89,0,83,0,Aggressive,8,0,1,0,0
2939,38,Middle,Daycare Worker,48,0,24,0,Defensive,3,0,1,0,0
2940,61,Middle,Scientist,47,0,72,0,Defensive,16,0,1,0,0
2941,68,Middle,Rocket Grunt,69,0,71,0,Unpredictable,6,0,1,0,0
2942,15,Low,Gym Leader Assistant,81,0,78,0,Unpredictable,18,0,1,0,0
2943,53,Middle,Police Officer,50,0,77,0,Defensive,25,0,1,0,0
2944,24,Middle,Scientist,54,0,36,0,Unpredictable,20,0,1,0,0
2945,15,Low,Champion,61,0,32,0,Aggressive,13,0,1,0,0
2946,13,Low,Nurse,89,1,83,0,Aggressive,8,1,0,1,1
2947,56,High,Champion,42,0,67,0,Unpredictable,0,0,1,0,0
2948,46,Middle,Fisherman,80,1,59,0,Aggressive,27,1,1,1,1
2949,16,Middle,Fisherman,78,0,64,0,Unpredictable,7,1,1,1,1
2950,39,Low,Nurse,50,0,22,0,Aggressive,4,0,1,0,0
2951,45,Low,Black Market Dealer,18,1,36,1,Aggressive,29,0,1,1,0
2952,10,High,Scientist,46,0,82,0,Defensive,10,0,1,0,0
2953,21,High,Daycare Worker,15,0,62,0,Unpredictable,22,0,1,0,0
2954,62,Middle,Underground Battler,40,0,49,0,Unpredictable,21,0,1,0,0
2955,11,Middle,Breeder,82,0,54,0,Unpredictable,4,0,1,0,0
2956,21,Middle,Nurse,40,1,48,0,Aggressive,22,1,0,1,1
2957,53,Middle,Champion,39,0,44,0,Defensive,12,0,0,1,1
2958,66,Middle,Scientist,9,1,61,0,Unpredictable,24,1,0,1,0
2959,10,Middle,Police Officer,54,0,61,0,Unpredictable,20,0,1,0,0
2960,32,Low,Daycare Worker,22,0,30,0,Unpredictable,21,0,1,0,0
2961,16,Low,Breeder,100,0,33,0,Unpredictable,3,0,1,0,0
2962,44,Low,Rocket Grunt,88,0,39,0,Unpredictable,15,0,1,0,0
2963,69,High,Biker,84,0,33,0,Aggressive,6,0,1,0,0
2964,58,Low,Black Market Dealer,96,1,77,1,Defensive,26,0,0,1,0
2965,58,Low,Scientist,62,0,77,0,Unpredictable,7,0,1,0,0
2966,49,High,Biker,68,0,66,0,Aggressive,20,0,1,0,0
2967,46,High,PokéMart Seller,61,0,36,0,Unpredictable,25,0,1,0,0
2968,31,Middle,Scientist,44,0,61,0,Aggressive,6,0,1,0,0
2969,20,Low,Police Officer,64,0,51,0,Unpredictable,12,0,1,0,0
2970,49,Middle,Rocket Grunt,38,0,77,0,Unpredictable,11,0,1,0,0
2971,30,Low,Fisherman,8,0,36,0,Aggressive,4,0,1,0,0
2972,23,High,PokéMart Seller,97,1,71,1,Aggressive,8,1,0,1,0
2973,37,Middle,Rocket Grunt,98,1,52,0,Aggressive,18,1,0,1,1
2974,23,Low,Fisherman,13,0,42,0,Defensive,4,0,1,0,0
2975,17,Low,Underground Battler,86,0,73,0,Aggressive,21,0,1,0,0
2976,65,Middle,Biker,29,1,86,0,Defensive,28,1,0,1,1
2977,12,Middle,Police Officer,34,0,20,0,Unpredictable,21,0,1,0,0
2978,28,Low,Biker,26,0,34,0,Aggressive,23,0,1,0,0
2979,59,Low,Rocket Grunt,18,0,78,0,Unpredictable,27,0,0,1,1
2980,32,Middle,Champion,76,0,81,0,Defensive,0,0,1,0,0
2981,65,Middle,Casino Worker,42,0,26,0,Aggressive,13,0,1,0,0
2982,21,Middle,Scientist,56,0,85,0,Aggressive,14,0,1,0,0
2983,59,Middle,Police Officer,90,0,73,0,Aggressive,18,0,1,0,0
2984,53,Middle,PokéMart Seller,79,0,66,0,Defensive,21,0,1,0,0
2985,14,Low,Daycare Worker,16,0,82,0,Defensive,5,0,1,0,0
2986,66,High,Rocket Grunt,23,0,60,0,Aggressive,16,0,1,0,0
2987,57,High,Rocket Grunt,27,0,82,0,Defensive,17,0,1,0,0
2988,53,Low,PokéMart Seller,100,0,40,0,Aggressive,5,0,1,0,0
2989,25,Middle,Nurse,67,0,59,0,Aggressive,24,0,1,0,0
2990,58,Low,Champion,19,0,83,0,Unpredictable,17,0,1,0,0
2991,31,Low,Researcher,26,0,54,1,Unpredictable,10,1,0,1,1
2992,50,Low,Biker,39,0,61,0,Aggressive,21,0,1,0,0
2993,67,Middle,Police Officer,89,0,63,0,Defensive,22,0,1,0,0
2994,53,Low,Researcher,31,0,47,0,Aggressive,24,0,1,0,0
2995,61,Low,Rocket Grunt,10,0,30,0,Aggressive,3,0,1,0,0
2996,56,Middle,PokéMart Seller,27,0,78,0,Unpredictable,0,0,1,0,0
2997,43,High,PokéMart Seller,57,0,62,0,Aggressive,13,0,1,0,0
2998,26,Middle,Biker,56,0,56,0,Defensive,11,0,1,0,0
2999,16,Middle,Daycare Worker,98,0,20,0,Unpredictable,22,0,1,0,0
3000,18,Middle,Researcher,99,0,42,0,Defensive,2,0,1,0,0
3001,65,Low,Scientist,33,0,63,0,Aggressive,25,0,1,0,0
3002,31,Low,PokéMart Seller,58,0,36,0,Unpredictable,12,0,1,0,0
3003,29,High,Breeder,13,0,57,0,Defensive,8,0,1,0,0
3004,26,Middle,Champion,73,0,81,0,Defensive,22,0,1,0,0
3005,27,Middle,Rocket Grunt,58,0,65,0,Aggressive,9,0,1,0,0
3006,44,Middle,Casino Worker,50,0,76,0,Defensive,4,0,1,0,0
3007,35,Middle,Black Market Dealer,80,0,71,0,Aggressive,4,0,1,0,0
3008,22,Middle,PokéMart Seller,49,0,20,0,Unpredictable,11,0,1,0,0
3009,40,Middle,Casino Worker,62,0,47,0,Defensive,18,0,1,0,0
3010,42,Middle,Breeder,46,0,41,0,Unpredictable,25,0,1,0,0
3011,61,Middle,Champion,63,0,30,0,Unpredictable,16,0,1,0,0
3012,29,Low,Gym Leader Assistant,51,0,40,0,Unpredictable,14,0,1,0,0
3013,17,Low,PokéMart Seller,83,0,81,1,Aggressive,16,1,0,1,1
3014,44,High,Champion,54,0,75,0,Defensive,4,0,1,0,0
3015,14,Middle,Police Officer,60,0,73,0,Aggressive,3,0,1,0,0
3016,28,High,Champion,18,0,55,0,Unpredictable,15,0,1,0,0
3017,50,Middle,Champion,40,0,39,0,Defensive,16,0,1,0,0
3018,14,Middle,Fisherman,17,0,48,0,Aggressive,25,0,1,0,0
3019,18,Middle,Underground Battler,28,0,46,0,Unpredictable,21,0,0,1,1
3020,46,Low,Researcher,24,0,70,0,Unpredictable,25,1,0,1,1
3021,59,High,Casino Worker,18,0,63,0,Defensive,12,0,1,0,0
3022,39,Middle,Biker,77,0,82,0,Defensive,13,0,1,0,0
3023,51,Middle,Researcher,52,0,21,0,Unpredictable,19,0,1,0,0
3024,67,High,Police Officer,54,1,90,0,Defensive,25,0,0,1,1
3025,37,Low,Rocket Grunt,94,0,63,0,Aggressive,5,0,1,0,0
3026,18,Middle,Researcher,45,1,33,0,Aggressive,5,1,1,1,0
3027,60,Middle,Daycare Worker,90,0,36,0,Defensive,14,0,1,0,0
3028,69,Middle,Black Market Dealer,20,1,41,0,Unpredictable,17,1,0,1,0
3029,18,Low,Underground Battler,53,0,37,0,Unpredictable,12,0,1,0,0
3030,49,High,Biker,27,0,30,0,Unpredictable,5,0,1,0,0
3031,37,Middle,Daycare Worker,70,0,51,0,Defensive,23,0,0,1,1
3032,66,Middle,Rocket Grunt,80,0,82,0,Aggressive,2,0,1,0,0
3033,44,Middle,Underground Battler,14,0,57,0,Aggressive,15,0,1,0,0
3034,59,Low,Nurse,16,1,86,1,Defensive,16,1,1,1,0
3035,59,High,Underground Battler,38,0,52,0,Aggressive,7,0,1,0,0
3036,12,High,Scientist,14,0,25,0,Aggressive,10,0,1,0,0
3037,42,Low,PokéMart Seller,26,0,76,0,Defensive,24,0,1,0,0
3038,21,Low,Biker,93,0,50,0,Aggressive,3,0,1,0,0
3039,70,Low,Police Officer,68,0,67,0,Aggressive,28,1,0,1,1
3040,55,Low,Biker,79,0,32,0,Defensive,3,0,1,0,0
3041,61,Low,Researcher,98,0,22,0,Unpredictable,23,0,1,0,0
3042,56,Low,Black Market Dealer,22,0,58,0,Aggressive,3,0,1,0,0
3043,56,Low,Champion,15,0,59,0,Unpredictable,17,0,1,0,0
3044,46,Low,Underground Battler,29,0,66,0,Aggressive,17,0,1,0,0
3045,39,High,Underground Battler,29,0,61,0,Aggressive,15,0,1,0,0
3046,39,Low,Police Officer,31,0,39,0,Aggressive,9,0,1,0,0
3047,49,Middle,Gym Leader Assistant,69,0,25,0,Unpredictable,17,0,1,0,0
3048,61,Middle,Underground Battler,12,0,27,0,Unpredictable,6,0,1,0,0
3049,20,High,Breeder,11,0,42,0,Defensive,11,0,1,0,0
3050,57,Middle,Champion,42,0,31,0,Aggressive,17,0,1,0,0
3051,44,Middle,Rocket Grunt,69,0,26,0,Unpredictable,8,0,1,0,0
3052,70,High,Rocket Grunt,81,1,35,1,Defensive,4,0,0,1,1
3053,70,Low,Breeder,77,0,21,0,Defensive,12,0,1,0,0
3054,48,Middle,Casino Worker,100,0,55,0,Aggressive,14,0,1,0,0
3055,17,Low,Biker,93,0,45,0,Aggressive,1,0,1,0,0
3056,49,Middle,PokéMart Seller,12,0,61,0,Unpredictable,24,0,1,0,0
3057,61,High,Elite Trainer,88,0,53,0,Unpredictable,9,0,1,0,0
3058,65,Low,Scientist,25,0,36,0,Aggressive,16,0,1,0,0
3059,23,Middle,Black Market Dealer,68,0,29,0,Defensive,10,0,1,0,0
3060,34,Low,Casino Worker,66,0,58,0,Aggressive,13,0,1,0,0
3061,63,High,Nurse,55,0,48,0,Aggressive,2,0,1,0,0
3062,25,Middle,Champion,86,0,55,0,Aggressive,20,1,1,1,0
3063,59,Middle,Casino Worker,62,0,67,0,Aggressive,17,0,1,0,0
3064,65,High,PokéMart Seller,90,0,47,0,Aggressive,2,0,1,0,0
3065,69,High,Police Officer,18,0,26,0,Defensive,5,0,1,0,0
3066,54,Middle,Biker,28,0,48,0,Defensive,22,0,1,0,0
3067,13,High,Daycare Worker,79,0,27,0,Unpredictable,20,0,1,0,0
3068,50,Middle,Underground Battler,46,0,69,0,Unpredictable,3,1,0,1,1
3069,57,Middle,Biker,68,0,24,0,Unpredictable,23,0,1,0,0
3070,65,Middle,PokéMart Seller,78,0,45,0,Unpredictable,6,0,1,0,0
3071,49,Middle,Rocket Grunt,35,0,68,0,Unpredictable,16,0,1,0,0
3072,49,Middle,Nurse,42,0,49,0,Unpredictable,3,0,1,0,0
3073,66,Middle,Black Market Dealer,13,1,77,0,Defensive,19,1,1,1,1
3074,19,Middle,Breeder,56,0,34,0,Unpredictable,21,0,1,0,0
3075,12,High,Elite Trainer,22,0,66,0,Defensive,12,0,1,0,0
3076,59,Low,Black Market Dealer,89,0,75,0,Defensive,8,0,1,0,0
3077,19,Low,Elite Trainer,26,0,23,0,Defensive,13,0,1,0,0
3078,49,Middle,PokéMart Seller,90,0,75,0,Unpredictable,17,0,1,0,0
3079,51,Middle,Breeder,50,0,65,0,Defensive,0,0,1,0,0
3080,70,Middle,Biker,42,0,83,0,Unpredictable,17,0,1,0,0
3081,32,Middle,Researcher,60,0,26,0,Defensive,7,0,1,0,0
3082,56,Middle,Scientist,39,0,69,0,Aggressive,10,0,1,0,0
3083,26,Middle,Rocket Grunt,24,1,38,0,Defensive,26,1,1,1,0
3084,34,High,Elite Trainer,47,0,63,0,Defensive,8,0,1,0,0
3085,44,Middle,Casino Worker,29,0,31,0,Aggressive,8,0,1,0,0
3086,47,Middle,Black Market Dealer,37,0,24,0,Defensive,12,0,1,0,0
3087,24,Middle,PokéMart Seller,73,0,75,0,Aggressive,25,0,1,0,0
3088,31,Middle,Casino Worker,12,0,29,0,Defensive,14,0,1,0,0
3089,67,Low,Police Officer,35,0,84,0,Defensive,23,0,1,0,0
3090,43,Low,Black Market Dealer,58,1,85,0,Unpredictable,8,0,0,1,1
3091,31,Middle,Elite Trainer,90,0,46,0,Unpredictable,15,0,1,0,0
3092,19,Low,Daycare Worker,89,1,65,0,Unpredictable,10,1,0,1,1
3093,69,Low,Daycare Worker,41,1,84,0,Aggressive,10,0,0,1,1
3094,17,Middle,Biker,69,0,51,0,Unpredictable,25,0,1,0,0
3095,66,Low,Nurse,45,0,34,0,Unpredictable,12,0,1,0,0
3096,32,High,Fisherman,11,0,21,0,Unpredictable,25,0,1,0,0
3097,59,Low,Champion,85,0,83,0,Unpredictable,20,0,1,0,0
3098,34,Middle,Researcher,34,1,45,1,Aggressive,14,1,0,1,1
3099,24,Middle,Black Market Dealer,31,0,31,0,Unpredictable,6,0,1,0,0
3100,23,High,Researcher,50,0,46,0,Defensive,5,0,1,0,0
3101,41,Low,Breeder,65,0,21,0,Aggressive,4,0,1,0,0
3102,32,Middle,Scientist,15,0,43,0,Aggressive,4,0,1,0,0
3103,38,High,Black Market Dealer,84,0,79,0,Defensive,3,0,1,0,0
3104,67,Middle,Elite Trainer,9,0,33,0,Unpredictable,5,0,1,0,0
3105,17,High,Fisherman,89,0,58,0,Defensive,9,0,1,0,0
3106,60,Low,Underground Battler,43,0,47,0,Unpredictable,11,0,1,0,0
3107,69,Middle,Nurse,78,0,34,0,Defensive,20,0,1,0,0
3108,31,Low,Fisherman,6,0,35,0,Defensive,10,0,1,0,0
3109,69,Middle,Champion,37,0,55,0,Defensive,6,0,1,0,0
3110,27,Middle,Black Market Dealer,46,0,44,0,Aggressive,6,0,1,0,0
3111,42,High,Casino Worker,90,0,40,1,Aggressive,24,1,0,1,0
3112,41,Middle,Biker,31,0,46,0,Unpredictable,29,0,1,1,0
3113,18,Low,Breeder,55,0,78,0,Unpredictable,23,0,1,0,0
3114,21,High,Daycare Worker,9,0,50,0,Unpredictable,0,0,1,0,0
3115,19,Low,Breeder,11,0,62,0,Unpredictable,17,0,1,0,0
3116,41,Middle,Police Officer,94,0,40,0,Unpredictable,16,0,1,0,0
3117,49,Low,Biker,61,0,71,0,Defensive,16,1,1,1,1
3118,69,Low,Daycare Worker,37,0,52,0,Aggressive,14,0,1,0,0
3119,50,High,Fisherman,20,0,60,0,Unpredictable,23,0,1,0,0
3120,43,High,Police Officer,99,0,79,0,Aggressive,27,0,0,1,0
3121,39,Middle,Scientist,27,0,84,0,Defensive,23,0,1,0,0
3122,56,Low,Biker,39,0,40,0,Unpredictable,6,0,1,0,0
3123,43,Middle,Black Market Dealer,81,0,75,0,Defensive,4,0,1,0,0
3124,53,Middle,Scientist,18,0,56,0,Defensive,5,0,0,1,1
3125,53,Low,Black Market Dealer,81,1,61,0,Unpredictable,23,1,1,1,1
3126,54,Middle,Elite Trainer,64,0,71,0,Aggressive,24,0,1,0,0
3127,16,High,Fisherman,41,0,49,0,Aggressive,9,1,0,1,0
3128,27,Low,Daycare Worker,19,0,61,0,Aggressive,17,0,1,0,0
3129,62,Middle,Gym Leader Assistant,25,0,78,0,Defensive,24,0,1,0,0
3130,13,Middle,Champion,36,1,47,0,Aggressive,30,1,0,1,0
3131,31,High,Elite Trainer,69,0,42,0,Unpredictable,21,0,1,0,0
3132,41,Middle,Breeder,37,0,37,0,Aggressive,15,0,1,0,0
3133,29,High,Gym Leader Assistant,44,1,87,0,Defensive,20,0,0,1,0
3134,66,Low,Researcher,10,0,49,0,Unpredictable,5,0,1,0,0
3135,25,Middle,Underground Battler,77,0,71,0,Aggressive,13,0,1,0,0
3136,38,Middle,Breeder,56,0,57,0,Defensive,13,0,1,0,0
3137,14,Middle,Black Market Dealer,46,0,76,0,Aggressive,21,0,1,0,0
3138,37,Middle,Casino Worker,74,0,66,0,Aggressive,12,0,1,0,0
3139,40,Middle,Underground Battler,21,0,81,0,Unpredictable,24,0,1,0,0
3140,17,Low,Biker,63,1,69,0,Defensive,19,1,1,1,1
3141,46,Middle,PokéMart Seller,38,0,49,0,Defensive,1,0,1,0,0
3142,51,Middle,Biker,24,0,71,0,Defensive,7,0,1,0,0
3143,69,Middle,Police Officer,39,0,36,0,Aggressive,21,0,1,0,0
3144,25,Middle,Gym Leader Assistant,16,0,83,0,Unpredictable,10,0,1,0,0
3145,50,Middle,PokéMart Seller,79,0,26,0,Unpredictable,18,0,1,0,0
3146,51,Low,Scientist,56,0,82,0,Aggressive,8,0,1,0,0
3147,46,Middle,Casino Worker,32,1,39,0,Defensive,24,0,0,1,1
3148,29,Low,Nurse,55,0,28,0,Defensive,12,0,1,0,0
3149,20,Low,Elite Trainer,18,0,39,0,Aggressive,18,0,1,0,0
3150,12,Middle,Elite Trainer,32,0,21,0,Defensive,25,0,1,0,0
3151,41,Middle,Daycare Worker,24,0,78,0,Aggressive,16,0,1,0,0
3152,56,High,Daycare Worker,36,0,85,0,Defensive,3,0,1,0,0
3153,66,Middle,PokéMart Seller,34,0,60,0,Unpredictable,17,0,1,0,0
3154,21,Middle,PokéMart Seller,56,0,38,0,Unpredictable,10,0,1,0,0
3155,58,Middle,Underground Battler,74,0,75,0,Unpredictable,12,0,1,0,0
3156,18,High,Rocket Grunt,63,0,34,0,Defensive,21,0,0,1,1
3157,41,Low,Daycare Worker,74,0,33,0,Aggressive,2,0,1,0,0
3158,70,Low,Gym Leader Assistant,78,0,63,0,Defensive,14,0,1,0,0
3159,12,Middle,Black Market Dealer,20,0,29,0,Defensive,17,0,1,0,0
3160,27,High,Underground Battler,97,0,55,0,Defensive,14,1,0,1,1
3161,32,Low,Daycare Worker,68,0,85,0,Unpredictable,0,0,1,0,0
3162,35,Middle,Champion,39,0,23,0,Unpredictable,0,0,1,0,0
3163,53,Low,Black Market Dealer,70,0,55,0,Defensive,17,0,1,0,0
3164,18,Low,Fisherman,91,0,75,0,Unpredictable,22,0,1,0,0
3165,55,High,Fisherman,96,0,23,0,Aggressive,1,0,1,0,0
3166,52,Low,PokéMart Seller,87,0,56,0,Defensive,8,0,1,0,0
3167,57,Middle,Researcher,61,1,89,0,Aggressive,7,1,0,1,1
3168,39,Middle,Researcher,63,0,70,0,Aggressive,5,0,0,1,1
3169,41,Middle,Researcher,94,0,78,0,Defensive,18,1,0,1,1
3170,13,Middle,Champion,49,0,22,0,Aggressive,23,0,1,0,0
3171,30,Low,Breeder,54,0,26,0,Defensive,24,0,1,0,0
3172,39,Middle,Nurse,57,0,44,0,Unpredictable,10,0,1,0,0
3173,18,Middle,Underground Battler,13,1,71,0,Aggressive,27,0,0,1,0
3174,64,Low,Underground Battler,91,1,52,0,Aggressive,18,1,0,1,1
3175,20,Middle,Biker,81,0,54,0,Unpredictable,20,0,1,0,0
3176,15,Low,Researcher,56,0,24,0,Aggressive,1,0,1,0,0
3177,41,Middle,Daycare Worker,9,0,67,0,Defensive,0,0,1,0,0
3178,19,Low,Police Officer,28,0,28,0,Unpredictable,11,0,1,0,0
3179,36,Middle,Nurse,85,0,49,0,Defensive,0,0,1,0,0
3180,58,Middle,Casino Worker,73,0,58,0,Defensive,9,1,0,1,1
3181,58,Low,Biker,91,0,59,0,Unpredictable,21,0,1,0,0
3182,38,Middle,Police Officer,65,0,25,0,Aggressive,13,0,1,0,0
3183,45,High,Black Market Dealer,52,0,48,0,Defensive,2,0,1,0,0
3184,59,Middle,Daycare Worker,39,1,60,0,Defensive,13,1,1,1,0
3185,57,Middle,Breeder,46,0,44,0,Unpredictable,0,0,1,0,0
3186,20,Middle,Rocket Grunt,25,0,62,0,Unpredictable,15,0,1,0,0
3187,38,Middle,Casino Worker,88,1,38,0,Unpredictable,24,1,0,1,1
3188,59,Low,Elite Trainer,8,0,63,0,Defensive,11,0,1,0,0
3189,45,Low,Scientist,33,0,40,0,Unpredictable,23,0,1,0,0
3190,57,Low,Rocket Grunt,98,0,25,0,Unpredictable,16,0,1,0,0
3191,18,Middle,Breeder,60,0,78,0,Aggressive,25,1,0,1,1
3192,50,Middle,Nurse,99,0,29,0,Aggressive,7,0,1,0,0
3193,54,Middle,Elite Trainer,15,0,31,0,Defensive,2,0,1,0,0
3194,17,High,Nurse,47,1,42,0,Unpredictable,21,0,0,1,1
3195,20,Middle,Fisherman,77,0,56,0,Defensive,8,0,1,0,0
3196,10,Middle,Champion,53,0,34,0,Defensive,13,0,1,0,0
3197,20,Low,Researcher,72,0,42,0,Defensive,5,0,1,0,0
3198,37,Middle,Champion,92,0,71,0,Aggressive,8,0,1,0,0
3199,35,Middle,Scientist,36,0,61,0,Unpredictable,11,0,1,0,0
3200,66,Low,Champion,61,0,39,0,Unpredictable,21,0,1,0,0
3201,44,Low,Casino Worker,65,0,84,0,Aggressive,24,0,1,0,0
3202,21,Middle,Underground Battler,34,0,23,0,Unpredictable,16,0,1,0,0
3203,67,High,Rocket Grunt,23,0,71,0,Defensive,4,0,1,0,0
3204,28,Low,Elite Trainer,60,1,90,0,Unpredictable,19,0,0,1,1
3205,23,Low,Researcher,88,0,30,0,Unpredictable,22,0,1,0,0
3206,48,High,Gym Leader Assistant,54,0,48,0,Defensive,14,1,0,1,0
3207,50,Middle,Elite Trainer,56,0,50,0,Defensive,19,0,1,0,0
3208,39,Middle,Gym Leader Assistant,63,0,51,0,Unpredictable,1,0,1,0,0
3209,15,Middle,Police Officer,91,0,89,0,Defensive,6,0,1,1,0
3210,34,High,Nurse,15,0,73,0,Unpredictable,24,0,1,1,1
3211,15,Low,Black Market Dealer,98,0,31,0,Aggressive,22,0,0,1,0
3212,70,Low,Underground Battler,86,1,70,0,Defensive,28,0,0,1,1
3213,69,Low,Biker,6,0,64,0,Defensive,19,0,1,0,0
3214,10,Middle,Rocket Grunt,72,0,70,0,Aggressive,7,0,1,0,0
3215,41,Middle,Champion,80,0,78,0,Unpredictable,9,0,1,0,0
3216,60,Middle,Nurse,53,1,84,0,Unpredictable,25,1,0,1,1
3217,19,High,Gym Leader Assistant,6,1,78,0,Unpredictable,9,0,0,1,1
3218,20,Middle,Black Market Dealer,47,0,26,0,Unpredictable,8,0,1,0,0
3219,17,Low,Casino Worker,68,0,70,0,Unpredictable,13,0,1,0,0
3220,34,Middle,Elite Trainer,38,0,49,0,Unpredictable,2,0,1,0,0
3221,41,Low,Nurse,79,1,31,0,Defensive,28,0,0,1,1
3222,18,Middle,Champion,76,0,40,0,Aggressive,5,0,1,0,0
3223,54,Low,Champion,91,0,45,0,Unpredictable,19,0,1,0,0
3224,41,Middle,Casino Worker,35,1,36,0,Aggressive,9,1,1,1,1
3225,14,Middle,Underground Battler,39,1,45,0,Unpredictable,23,0,1,1,1
3226,30,High,Casino Worker,16,0,62,0,Defensive,4,0,1,0,0
3227,29,Middle,Underground Battler,32,0,43,0,Defensive,23,0,1,0,0
3228,60,Low,Fisherman,98,0,45,0,Defensive,8,0,1,0,0
3229,26,Low,Gym Leader Assistant,7,0,55,0,Aggressive,2,0,1,0,0
3230,53,High,PokéMart Seller,20,0,74,0,Defensive,4,0,1,0,0
3231,55,Middle,Biker,72,0,32,0,Defensive,21,0,1,0,0
3232,26,Low,Nurse,92,0,79,0,Aggressive,15,0,1,0,0
3233,45,High,Black Market Dealer,82,0,58,0,Aggressive,19,0,1,0,0
3234,33,High,Underground Battler,69,0,78,0,Unpredictable,20,1,0,1,1
3235,56,Middle,Researcher,65,0,73,0,Unpredictable,20,0,1,0,0
3236,66,Middle,Breeder,66,1,42,0,Aggressive,5,1,0,1,1
3237,64,Low,Researcher,70,0,44,0,Unpredictable,11,0,1,0,0
3238,54,Low,Black Market Dealer,24,0,49,0,Aggressive,23,0,1,0,0
3239,16,Low,Fisherman,8,0,57,0,Unpredictable,8,0,1,0,0
3240,18,Middle,Scientist,98,0,47,0,Aggressive,13,0,1,0,0
3241,18,Middle,PokéMart Seller,35,0,23,0,Aggressive,9,0,1,0,0
3242,37,Middle,Biker,47,0,59,0,Defensive,3,0,1,0,0
3243,30,Middle,Biker,15,0,79,0,Unpredictable,12,0,1,0,0
3244,26,Middle,Scientist,27,0,20,0,Defensive,16,0,1,0,0
3245,51,Middle,Police Officer,21,0,84,0,Unpredictable,15,1,0,1,0
3246,10,Middle,Breeder,49,0,39,0,Aggressive,2,0,1,0,0
3247,27,Low,Elite Trainer,57,1,44,0,Aggressive,7,1,1,1,0
3248,22,Low,Black Market Dealer,66,0,82,0,Defensive,24,0,1,0,0
3249,45,Middle,PokéMart Seller,14,0,88,1,Unpredictable,3,0,0,1,1
3250,38,Middle,PokéMart Seller,14,0,71,0,Unpredictable,5,0,1,0,0
3251,59,Middle,Biker,99,0,79,0,Defensive,8,0,1,0,0
3252,62,Low,Nurse,29,0,64,0,Aggressive,19,0,1,0,0
3253,53,Low,Nurse,7,0,68,0,Unpredictable,3,0,1,0,0
3254,37,Low,Casino Worker,26,1,47,0,Defensive,26,0,0,1,1
3255,40,Middle,Gym Leader Assistant,11,0,25,0,Defensive,25,0,1,0,0
3256,48,Middle,Elite Trainer,90,0,36,0,Aggressive,16,0,1,0,0
3257,43,Middle,Breeder,35,0,57,0,Unpredictable,11,0,1,0,0
3258,56,Middle,Black Market Dealer,73,1,64,0,Aggressive,14,0,0,1,0
3259,54,Middle,Elite Trainer,30,0,81,0,Aggressive,6,0,1,0,0
3260,17,Low,Champion,19,1,82,1,Defensive,17,0,0,1,1
3261,30,Middle,Breeder,48,0,65,0,Defensive,15,0,1,0,0
3262,65,Middle,Police Officer,64,0,44,0,Aggressive,22,0,1,0,0
3263,69,Middle,Nurse,37,0,77,0,Aggressive,20,0,1,0,0
3264,29,Middle,Casino Worker,99,0,42,0,Defensive,16,0,1,0,0
3265,11,Middle,Nurse,78,0,47,0,Aggressive,23,1,1,1,1
3266,16,Low,Daycare Worker,29,0,37,0,Unpredictable,21,0,1,0,0
3267,63,Middle,Rocket Grunt,55,0,48,0,Defensive,16,0,1,0,0
3268,12,Low,Rocket Grunt,75,0,79,0,Unpredictable,19,0,1,0,0
3269,51,Middle,Rocket Grunt,83,1,84,0,Unpredictable,28,1,1,1,0
3270,46,Low,Police Officer,80,0,79,0,Aggressive,20,0,1,0,0
3271,23,Middle,Elite Trainer,43,0,26,0,Unpredictable,25,0,1,0,0
3272,56,High,Rocket Grunt,81,0,23,0,Aggressive,16,0,1,0,0
3273,22,Low,Nurse,64,0,70,0,Aggressive,11,1,0,1,1
3274,20,Low,Nurse,72,0,30,0,Unpredictable,2,0,1,0,0
3275,32,Low,Black Market Dealer,82,0,48,0,Unpredictable,13,0,1,0,0
3276,24,Middle,Champion,9,0,21,0,Aggressive,21,0,1,0,0
3277,44,Middle,Researcher,89,1,40,0,Aggressive,12,1,1,1,1
3278,18,Middle,Fisherman,98,1,70,0,Unpredictable,30,0,0,1,0
3279,63,Middle,Biker,49,0,41,0,Defensive,21,0,1,0,0
3280,38,Middle,Black Market Dealer,100,0,35,0,Defensive,16,0,1,0,0
3281,50,Middle,Fisherman,81,1,70,0,Aggressive,6,0,1,1,1
3282,33,Middle,Daycare Worker,98,0,53,0,Unpredictable,17,0,1,0,0
3283,30,Middle,Daycare Worker,87,0,74,0,Unpredictable,8,0,1,0,0
3284,44,Low,Breeder,36,0,40,0,Defensive,19,0,1,0,0
3285,25,Middle,Nurse,26,0,36,0,Defensive,12,0,1,0,0
3286,41,Middle,Underground Battler,46,0,24,0,Unpredictable,11,0,1,0,0
3287,14,Low,Police Officer,51,0,55,0,Unpredictable,7,0,1,0,0
3288,42,High,Underground Battler,8,0,30,0,Defensive,10,0,1,0,0
3289,13,Low,Elite Trainer,57,0,24,0,Aggressive,22,0,1,0,0
3290,16,Middle,Nurse,35,0,31,0,Defensive,9,0,1,0,0
3291,60,Middle,PokéMart Seller,73,0,32,0,Unpredictable,22,0,1,0,0
3292,61,Middle,Daycare Worker,5,0,41,0,Unpredictable,21,0,1,0,0
3293,34,Low,Gym Leader Assistant,40,0,43,0,Unpredictable,10,0,1,0,0
3294,62,Low,Biker,8,1,72,0,Unpredictable,19,0,0,1,1
3295,61,Low,Scientist,40,0,21,0,Defensive,16,0,1,0,0
3296,57,Middle,Gym Leader Assistant,7,1,71,0,Defensive,5,0,1,1,1
3297,53,Middle,Underground Battler,79,0,50,0,Aggressive,15,0,0,1,1
3298,27,High,PokéMart Seller,49,0,50,0,Defensive,24,0,1,0,0
3299,59,High,Scientist,55,0,41,0,Defensive,5,0,1,0,0
3300,44,Low,Police Officer,65,0,60,0,Defensive,13,0,1,0,0
3301,15,Middle,Casino Worker,81,0,56,0,Unpredictable,6,0,1,0,0
3302,36,Low,Rocket Grunt,82,0,31,0,Defensive,3,0,1,0,0
3303,41,Low,Casino Worker,56,0,40,0,Aggressive,9,0,1,0,0
3304,63,Middle,PokéMart Seller,52,0,62,0,Unpredictable,24,0,1,0,0
3305,27,Middle,Fisherman,69,0,24,0,Unpredictable,9,0,1,0,0
3306,19,Middle,Rocket Grunt,50,0,41,0,Defensive,1,0,1,0,0
3307,20,Middle,Rocket Grunt,62,0,46,0,Unpredictable,9,0,1,0,0
3308,53,Middle,PokéMart Seller,58,0,33,0,Aggressive,23,0,1,0,0
3309,10,Low,Rocket Grunt,77,0,73,0,Defensive,2,0,1,0,0
3310,52,Middle,Champion,79,0,25,0,Aggressive,11,0,1,0,0
3311,31,Low,Scientist,88,0,41,0,Aggressive,4,0,1,0,0
3312,47,Middle,Rocket Grunt,79,0,61,0,Unpredictable,15,0,1,0,0
3313,56,Middle,Breeder,51,0,60,0,Unpredictable,1,0,1,0,0
3314,63,Middle,Daycare Worker,55,0,33,0,Defensive,12,0,1,0,0
3315,64,Low,Daycare Worker,69,0,20,0,Aggressive,22,0,1,0,0
3316,10,Middle,Elite Trainer,100,0,73,0,Unpredictable,13,0,1,0,0
3317,15,High,Police Officer,89,0,42,0,Defensive,25,0,1,0,0
3318,40,Middle,Elite Trainer,94,0,57,0,Defensive,24,0,1,0,0
3319,17,Middle,Black Market Dealer,90,0,44,0,Aggressive,10,0,1,1,1
3320,15,Low,Scientist,80,0,25,0,Aggressive,18,0,1,0,0
3321,15,High,Police Officer,18,0,56,0,Unpredictable,5,0,1,0,0
3322,29,High,Fisherman,64,0,76,0,Unpredictable,17,0,1,0,0
3323,12,Middle,Scientist,66,0,43,0,Aggressive,2,0,1,0,0
3324,58,Middle,PokéMart Seller,30,0,32,0,Defensive,5,0,1,0,0
3325,52,Low,Scientist,14,1,90,0,Defensive,19,0,1,1,1
3326,44,Middle,Casino Worker,18,0,21,0,Unpredictable,23,0,1,0,0
3327,24,Low,Elite Trainer,49,0,70,0,Unpredictable,4,0,1,0,0
3328,66,Low,PokéMart Seller,30,0,40,1,Aggressive,21,0,0,1,1
3329,12,Low,Scientist,39,0,78,0,Unpredictable,8,0,1,0,0
3330,55,High,PokéMart Seller,81,0,54,0,Defensive,18,0,1,0,0
3331,26,Middle,Champion,21,0,32,0,Aggressive,25,0,1,0,0
3332,53,High,PokéMart Seller,88,0,57,0,Defensive,14,0,1,0,0
3333,53,Middle,Black Market Dealer,34,0,32,0,Aggressive,8,0,1,0,0
3334,46,Low,Scientist,13,0,36,0,Unpredictable,19,0,1,0,0
3335,18,Middle,Fisherman,69,0,31,0,Aggressive,4,0,1,0,0
3336,42,Low,Elite Trainer,89,0,79,0,Unpredictable,6,0,1,0,0
3337,48,Low,PokéMart Seller,83,0,51,0,Defensive,11,0,1,0,0
3338,44,High,Daycare Worker,66,0,69,0,Unpredictable,4,0,1,0,0
3339,42,Low,Champion,84,0,84,0,Defensive,20,0,1,0,0
3340,23,Low,Underground Battler,50,0,41,0,Unpredictable,10,0,1,0,0
3341,57,Low,PokéMart Seller,87,1,41,0,Aggressive,14,0,0,1,1
3342,56,Low,Breeder,32,0,64,0,Unpredictable,18,0,1,0,0
3343,66,Middle,Researcher,67,0,42,0,Unpredictable,19,0,1,0,0
3344,23,Middle,Researcher,33,0,72,0,Defensive,4,0,1,0,0
3345,13,Middle,Police Officer,70,0,81,0,Defensive,11,0,1,0,0
3346,58,Middle,Biker,85,1,83,0,Aggressive,29,1,0,1,1
3347,46,Middle,Fisherman,18,0,54,0,Unpredictable,20,0,1,0,0
3348,57,Middle,Scientist,69,0,46,0,Aggressive,11,0,1,0,0
3349,54,Middle,PokéMart Seller,57,0,84,0,Unpredictable,2,0,1,0,0
3350,64,Middle,Breeder,34,0,60,0,Defensive,5,0,1,0,0
3351,37,Low,Researcher,71,0,68,0,Unpredictable,10,0,1,0,0
3352,17,Low,Fisherman,97,0,74,0,Unpredictable,6,0,1,0,0
3353,69,Middle,Casino Worker,34,0,22,0,Defensive,3,0,1,0,0
3354,32,Middle,Breeder,60,0,82,0,Aggressive,23,0,1,0,0
3355,58,Low,Champion,67,0,31,0,Defensive,15,0,1,0,0
3356,33,Middle,Fisherman,54,0,75,0,Unpredictable,14,0,1,0,0
3357,25,Low,Scientist,35,0,32,0,Defensive,7,0,1,0,0
3358,63,High,Nurse,16,0,26,0,Defensive,7,0,1,0,0
3359,31,Low,Casino Worker,95,0,42,0,Defensive,3,0,1,0,0
3360,57,Middle,Gym Leader Assistant,44,0,26,0,Defensive,14,0,1,0,0
3361,33,High,Rocket Grunt,67,0,71,0,Defensive,3,0,1,0,0
3362,33,Middle,Elite Trainer,63,0,53,0,Aggressive,24,0,1,0,0
3363,67,Middle,Casino Worker,92,0,26,0,Aggressive,11,0,1,0,0
3364,11,Middle,Gym Leader Assistant,52,0,30,0,Aggressive,19,0,1,0,0
3365,35,Middle,Black Market Dealer,29,0,71,0,Aggressive,0,0,1,0,0
3366,17,Middle,PokéMart Seller,61,0,57,0,Aggressive,18,0,1,0,0
3367,32,Middle,Daycare Worker,25,0,70,0,Defensive,9,0,1,0,0
3368,38,Low,Fisherman,9,0,26,0,Aggressive,25,0,1,0,0
3369,57,Middle,Gym Leader Assistant,8,0,35,0,Aggressive,7,0,1,0,0
3370,56,Middle,Elite Trainer,34,0,77,0,Defensive,17,1,0,1,0
3371,44,Middle,Champion,63,0,25,0,Defensive,21,0,1,0,0
3372,24,High,Casino Worker,56,0,31,0,Defensive,22,0,1,0,0
3373,11,Middle,Rocket Grunt,14,0,49,0,Unpredictable,14,0,1,0,0
3374,42,Middle,Breeder,76,0,29,0,Defensive,10,0,1,0,0
3375,62,Middle,Rocket Grunt,10,1,68,1,Unpredictable,22,1,0,1,1
3376,33,Middle,Researcher,76,0,82,0,Unpredictable,2,0,1,0,0
3377,52,Low,Scientist,55,0,28,0,Aggressive,22,0,1,0,0
3378,47,Low,Scientist,23,0,72,0,Unpredictable,29,0,0,1,1
3379,20,Low,Police Officer,64,0,57,0,Defensive,16,0,1,0,0
3380,44,Low,PokéMart Seller,39,0,61,0,Unpredictable,8,0,1,0,0
3381,35,Middle,Daycare Worker,71,0,78,0,Unpredictable,16,0,1,0,0
3382,67,Middle,Daycare Worker,83,0,36,0,Aggressive,3,0,1,0,0
3383,67,Low,Breeder,68,0,29,0,Aggressive,5,0,1,0,0
3384,59,Middle,Gym Leader Assistant,17,0,35,0,Unpredictable,25,0,1,0,0
3385,38,Middle,Police Officer,44,0,55,0,Unpredictable,22,0,1,0,0
3386,62,Low,Champion,68,0,65,0,Defensive,0,0,1,0,0
3387,61,Middle,Rocket Grunt,80,0,44,0,Aggressive,5,0,0,1,1
3388,38,Low,Breeder,56,0,62,0,Defensive,0,0,1,0,0
3389,36,High,Fisherman,51,0,31,0,Aggressive,11,0,1,0,0
3390,62,Middle,Breeder,88,0,49,0,Aggressive,0,0,1,0,0
3391,11,Middle,Daycare Worker,97,0,47,0,Defensive,25,0,1,0,0
3392,51,Middle,Nurse,19,0,76,0,Defensive,18,0,0,1,1
3393,27,Middle,PokéMart Seller,54,0,43,0,Unpredictable,18,0,1,0,0
3394,41,Middle,Elite Trainer,97,0,71,0,Unpredictable,6,0,1,0,0
3395,53,Low,Rocket Grunt,30,0,23,0,Defensive,2,0,1,0,0
3396,13,Middle,Rocket Grunt,58,0,22,0,Unpredictable,18,0,1,0,0
3397,31,Middle,Police Officer,28,0,23,0,Aggressive,21,0,1,0,0
3398,70,Middle,Researcher,73,0,40,0,Unpredictable,10,0,1,0,0
3399,18,Middle,Casino Worker,57,0,82,0,Unpredictable,18,0,1,0,0
3400,15,Low,Gym Leader Assistant,42,0,77,0,Defensive,9,0,1,0,0
3401,30,Middle,Biker,30,0,80,0,Unpredictable,13,0,1,0,0
3402,55,High,PokéMart Seller,34,0,57,0,Aggressive,0,0,1,0,0
3403,56,Middle,Underground Battler,95,0,21,0,Aggressive,0,0,1,0,0
3404,59,High,Rocket Grunt,68,0,77,0,Unpredictable,0,0,1,0,0
3405,20,High,PokéMart Seller,25,0,21,0,Defensive,3,0,1,0,0
3406,56,Low,Rocket Grunt,31,0,83,0,Unpredictable,1,0,1,0,0
3407,39,Middle,Elite Trainer,25,0,64,0,Aggressive,7,0,1,0,0
3408,48,Middle,Black Market Dealer,27,0,45,0,Unpredictable,7,0,1,0,0
3409,45,Middle,Daycare Worker,59,0,69,0,Aggressive,25,0,1,0,0
3410,40,Low,Scientist,91,0,21,0,Unpredictable,12,0,1,0,0
3411,43,Middle,Underground Battler,82,0,55,0,Defensive,2,0,1,0,0
3412,47,High,Elite Trainer,70,0,23,0,Aggressive,20,0,1,0,0
3413,25,Low,Champion,85,0,41,0,Aggressive,3,0,1,0,0
3414,40,Middle,Champion,31,0,26,0,Unpredictable,1,0,1,0,0
3415,69,Middle,Police Officer,34,0,79,0,Unpredictable,15,0,0,1,1
3416,32,Low,Black Market Dealer,44,0,54,0,Aggressive,24,0,1,0,0
3417,22,High,Fisherman,29,0,57,0,Unpredictable,3,0,1,0,0
3418,33,Low,Police Officer,34,0,41,0,Unpredictable,13,0,1,0,0
3419,47,Low,Fisherman,92,0,50,0,Defensive,0,0,1,0,0
3420,35,Low,Daycare Worker,31,0,35,0,Unpredictable,17,0,0,1,1
3421,36,High,Champion,63,0,44,0,Aggressive,7,0,1,0,0
3422,25,Middle,Champion,26,0,37,0,Unpredictable,0,0,1,0,0
3423,19,Low,Rocket Grunt,13,0,63,0,Defensive,10,0,1,0,0
3424,17,Middle,Police Officer,26,0,77,0,Unpredictable,5,0,1,0,0
3425,38,Low,Rocket Grunt,50,0,29,0,Defensive,16,0,1,0,0
3426,67,Low,Nurse,96,0,31,0,Aggressive,7,0,1,0,0
3427,55,High,Police Officer,55,0,35,0,Unpredictable,15,0,1,0,0
3428,70,Middle,Researcher,52,0,35,0,Aggressive,13,0,1,0,0
3429,52,Middle,Nurse,76,0,55,0,Defensive,4,0,1,0,0
3430,57,Middle,Breeder,79,0,44,0,Aggressive,8,0,1,0,0
3431,12,Low,Police Officer,17,0,79,0,Aggressive,4,0,1,0,0
3432,11,Middle,Nurse,9,0,25,0,Aggressive,12,0,1,0,0
3433,64,Middle,Biker,41,0,54,0,Defensive,25,0,1,0,0
3434,34,Middle,PokéMart Seller,71,0,45,0,Unpredictable,4,0,1,0,0
3435,51,Middle,Champion,14,0,70,0,Defensive,26,1,0,1,0
3436,55,Low,Breeder,65,0,56,0,Defensive,24,0,1,0,0
3437,52,Low,Breeder,23,0,27,0,Aggressive,16,0,1,0,0
3438,26,High,Elite Trainer,33,0,78,0,Defensive,17,0,1,0,0
3439,63,Middle,Gym Leader Assistant,64,0,68,0,Unpredictable,21,0,1,0,0
3440,46,Low,Gym Leader Assistant,78,0,43,0,Unpredictable,10,0,1,0,0
3441,63,Low,Nurse,5,0,71,0,Aggressive,16,0,1,0,0
3442,29,Low,Champion,34,0,79,0,Aggressive,5,0,1,0,0
3443,35,Middle,Gym Leader Assistant,83,1,48,0,Unpredictable,9,0,1,1,1
3444,40,Middle,Daycare Worker,79,0,21,0,Defensive,17,0,1,0,0
3445,65,High,PokéMart Seller,14,0,64,0,Aggressive,6,0,1,0,0
3446,33,Middle,Scientist,28,0,76,0,Unpredictable,6,0,1,0,0
3447,11,Low,Gym Leader Assistant,57,0,20,0,Defensive,3,0,1,0,0
3448,37,Low,Rocket Grunt,83,0,47,0,Unpredictable,23,0,1,0,0
3449,23,Low,Gym Leader Assistant,11,0,77,0,Defensive,10,0,1,0,0
3450,16,Middle,PokéMart Seller,56,0,60,0,Aggressive,21,0,1,0,0
3451,16,Middle,Elite Trainer,16,0,76,0,Unpredictable,14,0,1,0,0
3452,55,Middle,Daycare Worker,51,0,72,0,Unpredictable,11,0,1,0,0
3453,31,Middle,Fisherman,45,0,43,0,Aggressive,19,0,1,0,0
3454,35,High,Police Officer,12,0,46,0,Aggressive,7,0,1,0,0
3455,37,Low,Casino Worker,82,1,40,1,Unpredictable,9,1,0,1,1
3456,11,Middle,Nurse,93,0,33,0,Aggressive,14,0,1,0,0
3457,52,Middle,Breeder,97,0,52,0,Defensive,3,0,1,0,0
3458,20,Middle,Police Officer,57,0,50,0,Unpredictable,4,0,0,1,0
3459,63,Middle,Scientist,56,0,82,0,Aggressive,8,0,1,0,0
3460,25,Middle,Nurse,19,0,44,0,Aggressive,1,0,1,0,0
3461,60,Middle,Rocket Grunt,48,0,46,0,Unpredictable,6,0,1,0,0
3462,18,Middle,Champion,82,1,33,1,Defensive,26,1,1,1,0
3463,39,Low,Nurse,27,1,34,0,Defensive,6,1,1,1,1
3464,65,Low,Biker,64,0,23,0,Unpredictable,25,0,1,0,0
3465,52,Middle,Daycare Worker,55,1,85,0,Aggressive,13,1,0,1,1
3466,42,Middle,Scientist,24,0,22,0,Unpredictable,24,0,1,0,0
3467,42,Low,Gym Leader Assistant,60,0,75,0,Aggressive,21,0,1,1,1
3468,53,Low,Fisherman,48,0,34,0,Unpredictable,19,0,1,0,0
3469,35,Low,Underground Battler,16,0,43,0,Defensive,19,1,1,1,1
3470,56,Low,Nurse,81,0,61,0,Aggressive,20,0,1,0,0
3471,17,Low,PokéMart Seller,51,0,31,0,Aggressive,14,0,1,0,0
3472,33,Low,Underground Battler,20,0,85,0,Defensive,23,0,1,0,0
3473,54,Middle,Black Market Dealer,100,0,30,0,Defensive,2,0,1,0,0
3474,66,Low,PokéMart Seller,29,0,85,0,Unpredictable,9,0,1,0,0
3475,41,Low,Underground Battler,28,0,59,0,Unpredictable,9,0,0,1,1
3476,30,High,Fisherman,86,0,37,0,Unpredictable,3,0,1,0,0
3477,51,High,Police Officer,44,0,43,0,Defensive,21,1,0,1,1
3478,24,Middle,Researcher,88,0,21,0,Defensive,18,0,1,0,0
3479,24,High,Breeder,39,0,36,0,Defensive,14,0,1,0,0
3480,26,Middle,Black Market Dealer,10,1,80,0,Unpredictable,3,1,0,1,0
3481,69,High,Rocket Grunt,77,0,85,0,Defensive,6,0,1,0,0
3482,52,Low,Elite Trainer,30,0,67,0,Defensive,8,0,1,0,0
3483,18,Low,Elite Trainer,51,0,57,0,Defensive,17,0,1,0,0
3484,65,Middle,Champion,45,0,21,0,Defensive,16,0,1,0,0
3485,68,Low,Researcher,39,0,45,0,Aggressive,0,0,1,0,0
3486,65,Low,Biker,75,0,73,0,Defensive,17,0,1,0,0
3487,43,Middle,Black Market Dealer,31,0,50,0,Unpredictable,15,0,1,0,0
3488,12,Middle,Black Market Dealer,95,0,23,0,Unpredictable,11,0,1,0,0
3489,63,Low,Rocket Grunt,79,0,77,0,Unpredictable,22,0,1,0,0
3490,48,Middle,Police Officer,60,0,75,0,Unpredictable,6,0,1,0,0
3491,56,Low,Gym Leader Assistant,30,0,28,0,Unpredictable,20,0,1,0,0
3492,61,Middle,Champion,85,0,39,0,Aggressive,10,0,1,0,0
3493,37,Low,Nurse,99,0,27,0,Aggressive,25,0,1,0,0
3494,70,Low,PokéMart Seller,39,0,40,0,Defensive,26,0,0,1,1
3495,20,Low,Black Market Dealer,7,0,21,0,Defensive,2,0,1,0,0
3496,53,High,Fisherman,46,0,34,0,Defensive,10,0,1,0,0
3497,28,Middle,Rocket Grunt,27,0,33,0,Aggressive,24,0,1,0,0
3498,46,Middle,PokéMart Seller,78,0,31,0,Unpredictable,4,0,1,0,0
3499,61,Middle,Black Market Dealer,67,0,81,0,Unpredictable,1,0,1,0,0
3500,20,Low,Police Officer,46,0,67,0,Aggressive,14,0,1,0,0
3501,45,Middle,Rocket Grunt,59,0,34,0,Defensive,24,0,1,0,0
3502,46,Low,Researcher,60,0,49,0,Unpredictable,7,0,0,1,1
3503,24,Middle,Nurse,49,0,74,0,Defensive,23,0,1,0,0
3504,18,Low,Police Officer,62,0,52,0,Unpredictable,15,0,1,0,0
3505,42,Low,Biker,66,0,88,0,Aggressive,24,0,0,1,1
3506,10,Middle,Biker,43,0,48,0,Unpredictable,4,0,1,0,0
3507,69,Middle,Underground Battler,82,1,33,0,Unpredictable,3,0,0,1,1
3508,22,Middle,Nurse,23,1,76,0,Unpredictable,29,0,0,1,1
3509,45,Middle,Champion,64,0,59,0,Aggressive,16,0,1,0,0
3510,66,Middle,Nurse,33,1,68,0,Defensive,24,1,1,1,1
3511,60,Middle,Champion,34,0,36,0,Unpredictable,10,0,1,0,0
3512,55,Middle,Underground Battler,75,0,61,0,Defensive,10,0,1,0,0
3513,63,Middle,Police Officer,46,0,39,0,Unpredictable,7,0,1,0,0
3514,18,Low,Underground Battler,84,0,82,0,Aggressive,23,0,1,0,0
3515,70,High,Fisherman,90,0,69,1,Defensive,27,0,0,1,1
3516,19,Low,Breeder,81,0,38,0,Aggressive,23,0,1,0,0
3517,48,Middle,Breeder,25,0,63,0,Defensive,23,0,1,0,0
3518,23,Middle,Daycare Worker,18,0,67,0,Aggressive,5,0,1,0,0
3519,42,Low,Fisherman,29,0,57,0,Defensive,6,0,1,0,0
3520,69,Middle,Fisherman,50,0,82,0,Aggressive,11,0,1,0,0
3521,67,Middle,Daycare Worker,43,0,83,0,Defensive,17,0,1,0,0
3522,56,High,Rocket Grunt,75,0,54,0,Aggressive,21,0,1,0,0
3523,11,Middle,Underground Battler,86,0,64,0,Unpredictable,0,0,1,0,0
3524,63,Low,Rocket Grunt,90,0,33,0,Defensive,10,0,0,1,0
3525,44,Middle,Underground Battler,11,0,76,0,Aggressive,0,0,1,0,0
3526,32,Middle,Casino Worker,26,0,58,0,Defensive,3,0,1,0,0
3527,16,High,Underground Battler,14,0,30,0,Defensive,15,0,0,1,0
3528,51,Middle,Fisherman,26,0,27,0,Defensive,18,0,1,0,0
3529,60,Middle,Breeder,94,0,44,0,Unpredictable,24,0,1,0,0
3530,51,Middle,Casino Worker,42,0,75,0,Defensive,19,0,1,0,0
3531,41,Low,Nurse,15,0,57,0,Unpredictable,24,0,1,0,0
3532,61,Low,Casino Worker,23,0,65,0,Unpredictable,1,0,1,0,0
3533,21,Low,Nurse,84,0,27,0,Unpredictable,3,0,1,0,0
3534,21,Middle,Daycare Worker,52,1,68,0,Unpredictable,11,1,0,1,1
3535,22,Middle,Breeder,81,0,52,0,Unpredictable,1,0,1,0,0
3536,57,Low,Casino Worker,40,0,57,0,Aggressive,16,0,0,1,0
3537,56,High,Researcher,67,0,54,0,Defensive,13,0,1,0,0
3538,46,Low,Gym Leader Assistant,12,0,72,0,Aggressive,10,0,1,0,0
3539,32,Middle,Gym Leader Assistant,15,1,31,0,Unpredictable,21,1,0,1,1
3540,40,Middle,Elite Trainer,6,0,53,0,Defensive,25,0,1,0,0
3541,25,Low,PokéMart Seller,53,0,40,0,Unpredictable,4,0,1,0,0
3542,44,Low,Elite Trainer,13,1,35,1,Aggressive,29,0,1,1,1
3543,69,Middle,Researcher,48,0,70,0,Unpredictable,9,0,1,0,0
3544,59,Middle,Gym Leader Assistant,80,0,57,0,Defensive,23,0,1,0,0
3545,51,Middle,Biker,28,0,49,0,Unpredictable,4,0,1,0,0
3546,16,High,PokéMart Seller,40,0,83,0,Defensive,6,0,1,0,0
3547,25,Middle,Gym Leader Assistant,37,0,62,0,Aggressive,4,0,1,0,0
3548,13,Low,Champion,35,0,74,0,Defensive,10,0,1,0,0
3549,50,Middle,Scientist,71,0,38,0,Defensive,1,0,1,0,0
3550,10,Low,Underground Battler,5,0,35,0,Aggressive,3,0,1,0,0
3551,39,Low,Biker,94,0,25,0,Unpredictable,3,0,1,0,0
3552,13,Middle,Daycare Worker,21,0,56,0,Defensive,7,0,1,0,0
3553,62,Middle,Gym Leader Assistant,74,0,70,0,Defensive,9,0,1,0,0
3554,13,Low,Fisherman,62,0,57,0,Unpredictable,0,0,1,0,0
3555,20,High,Underground Battler,76,0,84,0,Unpredictable,18,0,1,0,0
3556,29,Middle,Daycare Worker,43,0,73,0,Defensive,7,0,1,0,0
3557,52,Middle,Scientist,53,0,81,0,Unpredictable,9,0,1,0,0
3558,24,Low,Gym Leader Assistant,9,0,84,0,Aggressive,17,0,1,0,0
3559,57,Middle,Casino Worker,11,0,41,0,Unpredictable,1,0,1,0,0
3560,57,Middle,Elite Trainer,23,0,77,0,Defensive,11,0,1,0,0
3561,67,Middle,Breeder,97,1,89,1,Defensive,11,1,0,1,1
3562,57,High,Gym Leader Assistant,9,0,21,0,Aggressive,7,0,1,0,0
3563,25,Middle,Breeder,83,0,75,0,Unpredictable,20,0,0,1,1
3564,44,Low,Fisherman,30,0,84,0,Aggressive,0,0,1,0,0
3565,56,Middle,Gym Leader Assistant,97,0,53,0,Aggressive,17,0,1,0,0
3566,69,Middle,Daycare Worker,20,0,63,0,Unpredictable,0,0,1,0,0
3567,39,Low,Nurse,24,0,45,0,Unpredictable,22,1,0,1,1
3568,36,Middle,Nurse,62,0,81,0,Defensive,17,0,1,0,0
3569,52,Middle,PokéMart Seller,78,0,27,0,Unpredictable,8,0,1,0,0
3570,22,Middle,Researcher,57,0,84,0,Defensive,3,1,0,1,0
3571,57,Middle,Rocket Grunt,92,0,46,0,Unpredictable,1,0,1,0,0
3572,49,Middle,Nurse,15,0,81,0,Aggressive,14,0,1,0,0
3573,69,Middle,Rocket Grunt,93,0,73,0,Defensive,12,0,1,0,0
3574,62,Low,Elite Trainer,69,0,79,0,Aggressive,13,0,1,0,0
3575,61,Low,Breeder,79,0,38,0,Unpredictable,22,0,1,0,0
3576,36,Middle,Casino Worker,20,0,29,0,Aggressive,11,0,1,0,0
3577,35,Middle,Casino Worker,16,0,68,0,Aggressive,16,0,1,0,0
3578,63,Middle,Rocket Grunt,45,0,29,0,Defensive,3,0,1,0,0
3579,26,Low,PokéMart Seller,16,0,81,0,Aggressive,14,0,1,0,0
3580,52,Low,Breeder,58,0,59,0,Defensive,18,0,1,0,0
3581,21,High,PokéMart Seller,38,0,79,0,Defensive,4,0,1,0,0
3582,67,Middle,Black Market Dealer,73,0,64,0,Unpredictable,9,0,1,0,0
3583,43,Middle,Black Market Dealer,30,0,40,0,Aggressive,15,0,0,1,1
3584,62,Middle,Breeder,44,0,69,0,Aggressive,18,0,1,0,0
3585,51,Low,Fisherman,45,0,43,0,Defensive,19,0,1,0,0
3586,59,Low,Champion,95,0,39,0,Defensive,16,0,1,0,0
3587,24,Low,Fisherman,72,0,53,0,Unpredictable,13,1,0,1,0
3588,28,Middle,Champion,86,1,87,0,Unpredictable,20,0,1,1,1
3589,57,Middle,Breeder,5,1,48,0,Defensive,13,0,1,1,1
3590,48,Middle,Elite Trainer,30,0,57,0,Aggressive,22,0,1,0,0
3591,57,Middle,Fisherman,15,1,84,0,Aggressive,13,0,1,1,1
3592,41,Middle,Daycare Worker,99,0,63,0,Defensive,14,0,1,0,0
3593,55,High,Champion,43,1,50,0,Aggressive,20,1,1,1,1
3594,35,Low,Elite Trainer,25,0,33,0,Unpredictable,23,0,1,0,0
3595,15,Middle,Fisherman,65,0,25,0,Unpredictable,24,0,1,0,0
3596,59,Middle,Gym Leader Assistant,46,0,76,0,Unpredictable,25,0,1,0,0
3597,15,Middle,PokéMart Seller,33,0,83,0,Aggressive,4,0,1,0,0
3598,32,Middle,Elite Trainer,77,0,28,0,Defensive,24,0,1,0,0
3599,69,Low,Black Market Dealer,96,0,87,0,Aggressive,20,1,1,1,1
3600,35,Middle,Breeder,62,0,45,0,Unpredictable,11,0,1,0,0
3601,11,High,Gym Leader Assistant,31,0,41,0,Unpredictable,16,0,1,0,0
3602,68,Middle,Black Market Dealer,17,0,34,0,Unpredictable,7,0,1,0,0
3603,65,Middle,Police Officer,84,0,77,0,Defensive,16,0,1,0,0
3604,43,Middle,PokéMart Seller,36,0,48,0,Unpredictable,11,0,1,0,0
3605,27,Low,Casino Worker,54,0,33,0,Unpredictable,19,0,0,1,0
3606,36,Middle,Fisherman,40,0,82,0,Defensive,7,0,1,0,0
3607,47,Low,Rocket Grunt,86,1,62,0,Aggressive,18,1,0,1,1
3608,47,High,Nurse,49,0,36,0,Unpredictable,13,0,1,0,0
3609,21,Low,Breeder,20,0,31,0,Unpredictable,4,0,1,0,0
3610,49,High,Nurse,5,0,45,0,Defensive,15,0,1,0,0
3611,12,Middle,Underground Battler,82,0,46,0,Unpredictable,0,0,1,0,0
3612,19,Middle,Elite Trainer,87,0,36,0,Defensive,25,0,1,0,0
3613,27,Middle,Rocket Grunt,64,0,59,0,Aggressive,10,0,1,1,1
3614,41,Middle,Elite Trainer,50,0,29,0,Defensive,25,0,1,0,0
3615,53,Low,Underground Battler,100,1,77,0,Aggressive,4,0,1,1,0
3616,40,Middle,Gym Leader Assistant,94,0,65,0,Unpredictable,4,0,1,0,0
3617,58,Middle,Elite Trainer,83,0,78,0,Aggressive,23,0,1,0,0
3618,49,High,Police Officer,11,1,69,1,Aggressive,26,0,0,1,1
3619,15,Middle,Gym Leader Assistant,36,0,85,0,Defensive,10,0,1,0,0
3620,38,Middle,Black Market Dealer,93,0,62,0,Unpredictable,19,0,1,0,0
3621,21,Low,Fisherman,90,0,77,0,Defensive,2,0,1,0,0
3622,57,Middle,Champion,24,0,65,0,Unpredictable,19,0,1,0,0
3623,67,Middle,Scientist,79,0,66,0,Defensive,5,0,0,1,1
3624,48,Middle,Black Market Dealer,94,0,54,0,Unpredictable,21,0,1,0,0
3625,35,High,Police Officer,47,0,38,0,Defensive,3,0,1,0,0
3626,44,Low,Nurse,96,0,53,0,Unpredictable,11,0,1,0,0
3627,66,Middle,Police Officer,20,0,78,0,Unpredictable,2,0,1,0,0
3628,55,Middle,PokéMart Seller,59,0,43,0,Aggressive,7,0,1,0,0
3629,57,Low,Biker,57,0,81,0,Defensive,30,0,0,1,0
3630,18,High,Fisherman,80,1,57,0,Defensive,6,0,1,1,1
3631,20,Middle,Breeder,53,0,55,0,Unpredictable,24,1,0,1,0
3632,17,Low,Underground Battler,78,0,58,0,Aggressive,23,0,1,0,0
3633,13,Low,Breeder,62,0,80,0,Defensive,8,0,1,0,0
3634,54,Middle,Biker,80,1,83,0,Aggressive,10,0,0,1,1
3635,44,Middle,Black Market Dealer,87,0,43,1,Aggressive,26,0,0,1,0
3636,10,High,Nurse,86,0,85,0,Aggressive,17,0,1,0,0
3637,60,Middle,Nurse,49,0,36,0,Defensive,22,0,1,0,0
3638,28,Low,Elite Trainer,93,0,37,0,Unpredictable,17,1,0,1,1
3639,39,High,Researcher,91,0,21,0,Unpredictable,16,0,1,0,0
3640,50,Low,Nurse,90,0,52,0,Unpredictable,22,0,1,0,0
3641,70,Middle,Champion,51,0,49,0,Unpredictable,22,0,1,0,0
3642,50,High,PokéMart Seller,100,0,74,0,Aggressive,27,0,0,1,1
3643,24,Low,Breeder,98,0,50,0,Unpredictable,0,0,1,0,0
3644,35,Middle,Scientist,90,0,67,0,Defensive,15,0,1,0,0
3645,34,High,Fisherman,24,0,23,0,Aggressive,10,0,1,0,0
3646,48,Low,Researcher,86,1,60,0,Unpredictable,13,0,1,1,1
3647,28,Low,PokéMart Seller,80,0,43,0,Aggressive,2,0,1,0,0
3648,61,Middle,Breeder,25,0,84,0,Aggressive,5,0,1,1,1
3649,65,Middle,Breeder,13,0,29,0,Aggressive,11,0,1,0,0
3650,56,Middle,Elite Trainer,59,0,48,0,Defensive,11,0,1,0,0
3651,11,Middle,Daycare Worker,43,0,69,0,Aggressive,6,0,1,0,0
3652,40,Middle,Underground Battler,44,0,68,0,Unpredictable,11,0,1,1,1
3653,20,Middle,Biker,65,1,58,0,Defensive,3,0,0,1,1
3654,30,Low,Daycare Worker,44,0,44,0,Defensive,17,0,1,0,0
3655,39,Middle,Breeder,45,0,47,0,Unpredictable,15,0,1,0,0
3656,64,High,PokéMart Seller,60,0,33,0,Defensive,13,0,1,0,0
3657,51,Low,Black Market Dealer,58,1,35,0,Unpredictable,12,1,1,1,1
3658,21,Middle,Biker,60,0,34,0,Defensive,22,0,1,0,0
3659,60,Middle,Breeder,45,0,55,0,Defensive,6,0,1,0,0
3660,54,Low,Scientist,38,0,24,0,Aggressive,24,0,1,0,0
3661,33,Low,Scientist,42,0,29,0,Defensive,14,0,1,0,0
3662,33,High,Fisherman,7,0,84,0,Aggressive,3,0,1,0,0
3663,57,Middle,PokéMart Seller,19,0,27,0,Defensive,16,0,1,0,0
3664,56,High,Fisherman,70,0,57,0,Defensive,25,0,1,0,0
3665,34,Middle,Police Officer,85,0,27,0,Defensive,15,0,1,0,0
3666,43,Low,Fisherman,27,1,58,1,Unpredictable,30,0,1,1,1
3667,58,Middle,Black Market Dealer,68,1,79,0,Aggressive,16,0,1,1,0
3668,43,Middle,Elite Trainer,87,0,57,0,Defensive,29,0,0,1,1
3669,14,Middle,Gym Leader Assistant,58,0,83,1,Unpredictable,20,1,1,1,1
3670,19,Middle,Researcher,10,0,51,0,Defensive,7,0,1,0,0
3671,43,High,Daycare Worker,53,0,56,0,Unpredictable,4,0,1,0,0
3672,20,Middle,Gym Leader Assistant,72,0,56,0,Unpredictable,13,0,1,0,0
3673,58,Middle,Black Market Dealer,94,0,68,0,Unpredictable,13,0,1,0,0
3674,45,Low,Underground Battler,87,0,68,0,Unpredictable,20,0,1,0,0
3675,15,Middle,Champion,13,1,75,0,Unpredictable,15,1,0,1,1
3676,20,Middle,Rocket Grunt,39,1,90,0,Aggressive,15,0,0,1,1
3677,41,Low,Biker,95,0,69,0,Aggressive,17,0,1,0,0
3678,69,Low,Fisherman,98,0,59,0,Aggressive,19,0,1,0,0
3679,58,High,Researcher,82,0,57,0,Defensive,10,1,0,1,1
3680,31,Middle,Black Market Dealer,14,0,54,0,Defensive,7,0,1,0,0
3681,18,Middle,Biker,92,0,62,0,Unpredictable,6,0,1,0,0
3682,11,Low,Breeder,16,0,20,0,Aggressive,24,0,1,0,0
3683,63,Middle,Scientist,37,0,63,0,Aggressive,21,0,1,0,0
3684,61,Middle,Champion,30,0,51,0,Defensive,7,0,1,0,0
3685,35,High,Black Market Dealer,41,0,20,0,Aggressive,0,0,1,0,0
3686,21,Middle,PokéMart Seller,52,0,64,0,Unpredictable,13,0,1,0,0
3687,52,Low,Fisherman,73,0,64,0,Unpredictable,14,0,1,0,0
3688,14,Middle,Rocket Grunt,31,0,37,0,Aggressive,17,0,1,0,0
3689,68,Middle,Nurse,15,0,43,1,Defensive,27,0,0,1,0
3690,18,High,Black Market Dealer,5,1,40,0,Unpredictable,24,1,0,1,1
3691,34,Middle,Breeder,7,0,72,0,Unpredictable,13,0,1,0,0
3692,23,Low,Underground Battler,91,0,82,0,Defensive,11,0,1,0,0
3693,68,Middle,Fisherman,36,0,73,0,Unpredictable,19,1,0,1,1
3694,20,Low,Casino Worker,70,0,63,0,Aggressive,0,0,1,0,0
3695,46,Middle,Rocket Grunt,71,0,30,0,Unpredictable,29,0,1,1,1
3696,28,Low,Underground Battler,67,0,22,0,Unpredictable,19,0,1,0,0
3697,48,Low,Champion,56,0,62,0,Aggressive,3,0,1,0,0
3698,30,Middle,Fisherman,48,0,56,0,Defensive,16,0,1,0,0
3699,56,Low,Gym Leader Assistant,26,0,46,0,Aggressive,15,1,0,1,0
3700,37,Middle,Casino Worker,75,0,77,0,Aggressive,18,0,1,0,0
3701,17,Low,Champion,72,0,27,0,Aggressive,24,0,1,0,0
3702,22,Middle,Underground Battler,17,0,55,0,Unpredictable,17,0,1,0,0
3703,29,Low,PokéMart Seller,26,0,72,0,Aggressive,20,0,1,0,0
3704,40,Low,Casino Worker,64,1,38,0,Unpredictable,27,1,0,1,1
3705,11,Middle,Biker,7,0,50,0,Defensive,0,0,1,0,0
3706,26,Middle,Biker,22,0,65,0,Aggressive,1,0,1,0,0
3707,68,Low,Researcher,33,0,60,0,Aggressive,2,0,1,0,0
3708,20,Middle,Fisherman,17,0,34,0,Aggressive,25,0,1,0,0
3709,53,High,Elite Trainer,27,0,66,0,Unpredictable,23,0,1,0,0
3710,15,Middle,Black Market Dealer,99,0,25,0,Defensive,11,0,1,0,0
3711,44,Middle,Biker,37,0,40,0,Aggressive,11,0,1,0,0
3712,70,Middle,Gym Leader Assistant,29,1,67,0,Unpredictable,23,1,1,1,0
3713,43,Low,Elite Trainer,82,0,40,0,Unpredictable,12,0,1,0,0
3714,43,Middle,Nurse,29,0,78,0,Aggressive,17,0,1,0,0
3715,47,Low,Breeder,67,0,24,0,Defensive,9,0,1,0,0
3716,26,Low,Scientist,39,0,31,0,Aggressive,7,0,1,0,0
3717,18,Middle,Underground Battler,6,0,59,0,Unpredictable,13,0,1,0,0
3718,67,Low,Breeder,73,0,31,0,Aggressive,18,0,1,0,0
3719,23,Low,Underground Battler,51,0,65,0,Defensive,4,0,1,0,0
3720,21,High,Casino Worker,70,1,50,0,Defensive,26,1,0,1,1
3721,21,Middle,Researcher,39,0,66,0,Aggressive,9,0,1,0,0
3722,26,Middle,Nurse,68,0,67,0,Defensive,24,0,0,1,1
3723,13,Low,Biker,74,0,85,0,Unpredictable,4,0,1,0,0
3724,29,Middle,Daycare Worker,43,0,83,0,Defensive,6,0,1,0,0
3725,24,High,Scientist,31,0,67,0,Aggressive,22,0,1,0,0
3726,56,Middle,PokéMart Seller,55,0,30,0,Aggressive,3,0,1,0,0
3727,31,Low,Elite Trainer,84,0,69,0,Aggressive,12,0,1,0,0
3728,27,Low,Police Officer,69,0,22,0,Aggressive,3,0,1,0,0
3729,46,Middle,Underground Battler,86,0,47,0,Defensive,22,0,1,0,0
3730,53,Low,Champion,13,0,78,0,Unpredictable,23,0,1,0,0
3731,19,Middle,Champion,12,0,43,0,Aggressive,23,1,0,1,1
3732,41,High,Scientist,77,0,72,0,Defensive,23,0,1,0,0
3733,43,Middle,Scientist,92,0,66,0,Unpredictable,2,0,1,0,0
3734,43,Middle,Researcher,23,0,78,0,Unpredictable,1,0,1,0,0
3735,70,Middle,Breeder,55,0,83,0,Defensive,6,0,1,0,0
3736,18,Middle,Scientist,94,0,59,0,Aggressive,11,0,1,0,0
3737,24,Low,Fisherman,88,0,50,0,Unpredictable,7,0,1,0,0
3738,31,Middle,Daycare Worker,67,0,59,0,Aggressive,8,0,1,0,0
3739,65,High,Black Market Dealer,15,0,55,0,Defensive,2,0,1,0,0
3740,46,Middle,Scientist,16,0,55,0,Unpredictable,20,0,1,0,0
3741,26,Middle,Fisherman,100,0,50,0,Aggressive,25,0,1,0,0
3742,43,Middle,Scientist,8,0,26,0,Defensive,12,0,1,0,0
3743,50,High,Champion,46,0,36,0,Defensive,21,1,0,1,1
3744,30,High,Nurse,15,0,85,0,Unpredictable,19,0,1,0,0
3745,66,Low,Daycare Worker,82,0,24,0,Defensive,19,0,1,0,0
3746,65,Low,PokéMart Seller,97,0,36,0,Aggressive,18,0,1,0,0
3747,54,Middle,Nurse,27,0,55,0,Unpredictable,17,0,1,0,0
3748,48,Middle,Elite Trainer,76,0,81,1,Aggressive,6,1,1,1,1
3749,32,High,Elite Trainer,87,0,61,0,Unpredictable,10,0,1,0,0
3750,43,High,Police Officer,14,0,46,0,Unpredictable,8,0,1,0,0
3751,58,Middle,Underground Battler,77,0,52,0,Defensive,8,0,1,0,0
3752,54,Middle,Elite Trainer,13,0,47,0,Unpredictable,19,0,1,0,0
3753,64,Middle,Elite Trainer,42,0,83,0,Aggressive,6,0,1,0,0
3754,30,Low,Champion,31,1,37,0,Aggressive,20,0,1,1,0
3755,27,Middle,Rocket Grunt,69,0,41,0,Aggressive,7,0,1,0,0
3756,56,Low,Fisherman,88,0,31,0,Aggressive,9,0,1,0,0
3757,30,Middle,Elite Trainer,97,0,20,0,Aggressive,8,0,1,0,0
3758,66,Middle,Nurse,94,0,23,0,Defensive,9,0,1,0,0
3759,69,High,Nurse,36,0,59,0,Defensive,12,0,1,1,0
3760,46,Low,PokéMart Seller,84,0,58,0,Unpredictable,22,0,1,0,0
3761,25,Low,Gym Leader Assistant,17,0,33,0,Unpredictable,1,0,1,0,0
3762,42,Middle,Breeder,91,1,45,0,Defensive,17,0,0,1,1
3763,47,Middle,Black Market Dealer,45,0,35,0,Aggressive,22,0,1,0,0
3764,33,Low,Researcher,11,0,46,0,Unpredictable,7,0,1,0,0
3765,58,Low,Researcher,13,0,62,0,Defensive,6,0,1,0,0
3766,66,Low,Fisherman,28,0,52,0,Unpredictable,15,0,1,0,0
3767,33,Middle,Fisherman,66,0,39,0,Defensive,6,0,1,0,0
3768,69,Low,Fisherman,59,0,26,0,Aggressive,6,0,1,0,0
3769,54,Middle,Breeder,43,0,75,0,Defensive,25,0,1,0,0
3770,69,Middle,Gym Leader Assistant,32,1,68,0,Defensive,7,0,0,1,0
3771,15,High,Black Market Dealer,27,0,77,0,Defensive,1,0,1,0,0
3772,16,Middle,Underground Battler,52,0,83,0,Defensive,17,0,1,0,0
3773,43,Middle,Rocket Grunt,85,0,66,0,Aggressive,13,0,1,0,0
3774,27,Low,Casino Worker,87,0,84,0,Defensive,6,1,1,1,1
3775,45,High,Police Officer,71,0,65,0,Defensive,17,0,1,0,0
3776,40,Low,PokéMart Seller,66,1,39,0,Defensive,4,0,0,1,0
3777,13,Middle,Black Market Dealer,91,0,64,0,Unpredictable,24,0,1,0,0
3778,30,Low,Breeder,97,0,32,0,Unpredictable,11,0,1,0,0
3779,11,Low,Casino Worker,52,0,34,0,Defensive,20,0,1,0,0
3780,11,Middle,Police Officer,46,0,69,0,Unpredictable,11,0,1,0,0
3781,14,Low,Fisherman,28,0,70,0,Aggressive,21,0,1,0,0
3782,46,Middle,Scientist,6,0,22,0,Aggressive,11,0,1,0,0
3783,16,Middle,Black Market Dealer,53,0,30,0,Aggressive,20,0,1,0,0
3784,29,Middle,Rocket Grunt,39,0,51,0,Defensive,8,0,1,0,0
3785,22,High,Black Market Dealer,76,0,34,0,Unpredictable,5,0,1,0,0
3786,42,Low,Elite Trainer,42,0,39,0,Unpredictable,6,0,1,0,0
3787,15,Middle,Black Market Dealer,30,0,22,0,Aggressive,3,0,1,0,0
3788,19,Middle,PokéMart Seller,78,0,85,0,Defensive,2,0,1,0,0
3789,65,Low,Casino Worker,74,0,49,0,Aggressive,15,0,1,0,0
3790,49,Middle,Black Market Dealer,42,0,64,0,Unpredictable,10,0,1,0,0
3791,54,Low,Police Officer,46,0,41,0,Unpredictable,21,0,1,0,0
3792,61,Low,Daycare Worker,30,0,43,1,Unpredictable,19,0,1,1,1
3793,39,Middle,Fisherman,41,0,87,0,Unpredictable,18,1,0,1,1
3794,46,Low,Nurse,100,0,34,0,Aggressive,0,0,1,0,0
3795,64,Low,PokéMart Seller,85,0,55,0,Unpredictable,15,0,1,0,0
3796,14,Low,Elite Trainer,83,0,39,0,Defensive,19,0,1,0,0
3797,27,High,Champion,8,0,75,0,Unpredictable,8,0,1,0,0
3798,61,Middle,Rocket Grunt,81,0,85,0,Defensive,14,0,1,0,0
3799,36,Low,Breeder,26,0,56,0,Unpredictable,11,0,1,0,0
3800,59,Middle,Fisherman,66,1,37,0,Unpredictable,26,1,0,1,0
3801,32,Middle,Elite Trainer,16,0,40,0,Unpredictable,24,0,1,0,0
3802,47,Middle,Police Officer,95,0,75,0,Unpredictable,7,0,1,0,0
3803,62,High,Casino Worker,40,0,38,0,Unpredictable,21,0,1,0,0
3804,49,Low,Scientist,80,1,84,0,Unpredictable,25,0,1,1,1
3805,20,Low,Fisherman,83,0,78,0,Aggressive,17,0,1,0,0
3806,48,Middle,Underground Battler,72,1,33,0,Unpredictable,9,0,0,1,1
3807,24,Low,Black Market Dealer,99,0,79,0,Aggressive,27,0,0,1,1
3808,54,Low,Elite Trainer,81,0,37,0,Aggressive,20,0,1,0,0
3809,18,Low,Fisherman,15,0,55,0,Unpredictable,1,0,1,0,0
3810,40,Low,Fisherman,87,0,67,0,Defensive,13,0,1,0,0
3811,49,Low,Scientist,64,0,70,0,Aggressive,25,0,1,0,0
3812,60,Middle,Biker,70,1,32,0,Aggressive,17,0,0,1,1
3813,10,Low,Scientist,29,1,51,0,Unpredictable,11,1,1,1,1
3814,24,Middle,Daycare Worker,50,0,73,0,Unpredictable,10,0,1,0,0
3815,34,Low,Rocket Grunt,26,0,58,0,Unpredictable,5,0,1,0,0
3816,54,Low,Champion,18,0,72,0,Defensive,12,0,1,0,0
3817,62,Middle,Breeder,57,0,84,0,Defensive,23,0,1,0,0
3818,29,Middle,Scientist,19,0,78,0,Unpredictable,4,0,1,0,0
3819,30,High,Daycare Worker,96,0,61,0,Aggressive,27,0,0,1,1
3820,44,Low,Elite Trainer,15,0,44,0,Defensive,4,0,1,0,0
3821,70,Low,Fisherman,26,0,23,0,Aggressive,20,0,1,0,0
3822,68,High,Daycare Worker,22,0,43,0,Unpredictable,7,0,1,0,0
3823,20,Low,Casino Worker,97,0,53,0,Unpredictable,23,0,1,0,0
3824,14,Low,Scientist,48,0,57,0,Aggressive,7,0,1,0,0
3825,41,Middle,Daycare Worker,53,0,53,0,Aggressive,8,0,1,0,0
3826,50,Low,Casino Worker,90,0,66,0,Unpredictable,4,0,1,0,0
3827,38,Low,Rocket Grunt,46,0,54,0,Unpredictable,14,0,1,0,0
3828,56,Middle,Researcher,35,0,62,0,Unpredictable,18,0,1,0,0
3829,25,Low,Black Market Dealer,17,0,56,0,Defensive,6,0,1,0,0
3830,35,Middle,Scientist,9,0,42,0,Unpredictable,3,0,1,0,0
3831,51,Middle,Black Market Dealer,51,0,37,0,Unpredictable,25,0,0,1,1
3832,52,Middle,PokéMart Seller,32,0,63,0,Unpredictable,5,0,1,0,0
3833,41,Low,Nurse,20,0,39,0,Aggressive,7,0,1,0,0
3834,15,Low,Elite Trainer,23,0,50,0,Unpredictable,19,0,1,0,0
3835,14,Middle,Elite Trainer,88,0,65,0,Unpredictable,19,0,1,0,0
3836,66,Middle,Police Officer,12,0,59,0,Aggressive,13,0,1,0,0
3837,66,Middle,Champion,26,0,48,0,Unpredictable,6,0,1,0,0
3838,65,High,Champion,77,0,66,0,Aggressive,7,0,1,0,0
3839,39,Middle,Black Market Dealer,19,1,86,0,Unpredictable,9,0,0,1,1
3840,24,Middle,Scientist,87,0,39,0,Defensive,9,0,1,0,0
3841,11,High,Police Officer,45,0,60,0,Defensive,1,0,1,0,0
3842,37,Middle,Breeder,34,0,64,0,Aggressive,20,0,1,0,0
3843,46,Middle,Rocket Grunt,93,0,35,0,Defensive,22,0,1,0,0
3844,19,Middle,Breeder,19,0,78,0,Defensive,26,0,0,1,1
3845,10,Middle,Scientist,58,0,34,0,Defensive,6,0,1,0,0
3846,16,Low,Fisherman,52,0,69,0,Defensive,19,0,1,0,0
3847,24,Low,Black Market Dealer,37,0,68,0,Unpredictable,17,0,1,0,0
3848,30,Middle,Scientist,89,0,20,0,Unpredictable,22,0,1,0,0
3849,54,Low,Biker,14,0,28,0,Aggressive,9,0,1,0,0
3850,23,Low,Daycare Worker,65,0,78,0,Unpredictable,17,0,1,0,0
3851,20,Middle,Researcher,35,0,23,0,Unpredictable,5,0,1,0,0
3852,19,Low,Elite Trainer,35,0,24,0,Aggressive,12,0,1,0,0
3853,36,Low,Daycare Worker,56,0,23,0,Defensive,0,0,1,0,0
3854,52,Low,Daycare Worker,76,0,28,0,Aggressive,9,0,1,0,0
3855,29,Middle,Biker,61,0,62,0,Defensive,7,0,1,0,0
3856,51,Low,Researcher,30,0,39,0,Aggressive,20,0,1,0,0
3857,51,Low,Champion,82,0,67,0,Defensive,3,0,1,0,0
3858,20,Low,Scientist,28,0,47,0,Unpredictable,13,0,1,0,0
3859,49,Middle,Nurse,70,0,50,0,Defensive,25,0,1,0,0
3860,56,Middle,Daycare Worker,91,0,33,0,Aggressive,8,0,1,0,0
3861,46,Low,Champion,10,0,55,0,Defensive,25,0,1,0,0
3862,29,Low,Black Market Dealer,82,0,40,0,Unpredictable,2,0,1,0,0
3863,16,Low,Scientist,45,0,72,0,Defensive,8,0,1,0,0
3864,42,Low,Elite Trainer,54,0,31,0,Unpredictable,6,0,1,0,0
3865,69,High,Black Market Dealer,46,0,40,0,Defensive,8,0,0,1,1
3866,24,Middle,PokéMart Seller,25,1,65,0,Defensive,30,0,1,1,0
3867,24,Middle,Underground Battler,38,0,27,0,Aggressive,3,0,1,0,0
3868,30,High,Biker,22,0,35,0,Unpredictable,21,0,1,0,0
3869,38,Middle,Police Officer,53,0,74,0,Defensive,18,0,1,0,0
3870,34,Middle,Breeder,60,0,51,0,Unpredictable,3,0,1,0,0
3871,30,Middle,Daycare Worker,42,0,60,0,Defensive,7,0,1,0,0
3872,48,Low,Rocket Grunt,40,0,27,0,Aggressive,2,0,1,0,0
3873,67,High,Breeder,60,0,45,0,Unpredictable,27,0,0,1,1
3874,34,High,Underground Battler,52,0,22,0,Defensive,9,0,1,0,0
3875,31,Low,Biker,43,0,61,0,Aggressive,8,0,1,0,0
3876,40,Middle,Champion,51,0,42,0,Unpredictable,10,0,1,0,0
3877,36,High,PokéMart Seller,27,0,57,0,Unpredictable,12,0,1,0,0
3878,28,Middle,Underground Battler,98,0,30,0,Defensive,0,0,1,0,0
3879,15,Middle,Police Officer,64,0,47,0,Defensive,4,0,1,0,0
3880,22,Middle,Police Officer,15,0,21,0,Unpredictable,12,0,1,0,0
3881,47,Low,Researcher,100,0,32,0,Unpredictable,15,0,1,0,0
3882,39,Low,Police Officer,89,0,33,0,Defensive,10,0,1,0,0
3883,18,Middle,Daycare Worker,50,0,27,0,Defensive,15,0,1,0,0
3884,57,Middle,PokéMart Seller,21,0,54,0,Defensive,16,0,1,0,0
3885,52,Middle,Elite Trainer,14,0,21,0,Aggressive,10,0,1,0,0
3886,13,Middle,Police Officer,86,1,75,0,Unpredictable,16,1,1,1,1
3887,30,Low,Black Market Dealer,61,0,84,0,Aggressive,1,0,1,0,0
3888,35,Low,Daycare Worker,85,0,40,0,Aggressive,23,0,1,0,0
3889,43,Low,Researcher,56,0,26,0,Unpredictable,18,0,1,0,0
3890,66,Middle,Biker,61,0,66,0,Unpredictable,21,0,1,0,0
3891,31,Middle,Biker,7,0,66,0,Aggressive,9,0,1,0,0
3892,45,High,Researcher,55,0,49,0,Unpredictable,13,0,1,0,0
3893,10,Low,Elite Trainer,23,0,55,0,Unpredictable,15,0,1,0,0
3894,54,Low,Researcher,86,0,76,0,Unpredictable,4,0,1,0,0
3895,59,Low,Biker,84,0,22,0,Unpredictable,1,0,1,0,0
3896,26,Middle,Scientist,33,0,83,0,Aggressive,1,0,1,0,0
3897,34,High,Breeder,7,0,74,0,Aggressive,23,0,1,0,0
3898,28,Low,Rocket Grunt,47,1,68,0,Aggressive,11,0,0,1,1
3899,61,Middle,Rocket Grunt,85,0,45,0,Aggressive,12,0,1,0,0
3900,48,Middle,Gym Leader Assistant,78,0,72,0,Defensive,3,0,1,0,0
3901,52,High,Gym Leader Assistant,29,0,66,0,Defensive,1,0,1,0,0
3902,18,Low,Police Officer,26,0,34,0,Unpredictable,24,0,1,0,0
3903,45,High,Gym Leader Assistant,88,0,38,0,Aggressive,19,0,1,0,0
3904,48,Low,Daycare Worker,47,0,81,0,Unpredictable,4,0,1,0,0
3905,57,Middle,Police Officer,14,0,81,0,Unpredictable,23,0,1,0,0
3906,43,Middle,Police Officer,68,0,67,0,Unpredictable,15,0,1,0,0
3907,40,Low,Rocket Grunt,36,0,25,0,Unpredictable,1,0,1,0,0
3908,37,High,Researcher,88,0,25,0,Aggressive,7,0,1,0,0
3909,17,Middle,Rocket Grunt,90,0,74,0,Unpredictable,0,0,1,0,0
3910,46,Low,Biker,31,0,49,0,Aggressive,6,1,0,1,0
3911,22,Low,Researcher,52,1,73,0,Defensive,3,1,1,1,1
3912,34,Middle,Police Officer,18,0,65,0,Defensive,5,0,1,0,0
3913,21,Middle,Scientist,77,0,81,0,Aggressive,17,0,1,0,0
3914,59,High,Black Market Dealer,45,0,85,0,Aggressive,15,0,1,0,0
3915,26,Low,Underground Battler,9,0,28,0,Aggressive,4,0,1,0,0
3916,43,Middle,Rocket Grunt,89,0,22,0,Defensive,13,0,1,0,0
3917,55,Low,Scientist,81,0,66,0,Defensive,3,0,1,0,0
3918,43,Middle,Nurse,19,0,55,0,Defensive,12,0,1,0,0
3919,42,High,Champion,50,1,53,0,Defensive,23,0,0,1,1
3920,22,Low,Fisherman,68,0,77,0,Defensive,11,0,1,0,0
3921,56,Middle,Elite Trainer,71,0,42,0,Defensive,16,0,1,0,0
3922,16,High,Breeder,99,0,22,0,Unpredictable,21,0,1,0,0
3923,59,Middle,Rocket Grunt,31,0,65,0,Defensive,21,0,1,0,0
3924,39,Middle,Biker,72,0,46,0,Aggressive,4,0,1,0,0
3925,67,Middle,Casino Worker,67,0,20,0,Defensive,5,0,1,0,0
3926,25,High,Gym Leader Assistant,98,0,79,0,Aggressive,24,0,1,0,0
3927,28,Low,Champion,57,0,68,0,Aggressive,17,0,1,0,0
3928,64,Low,Rocket Grunt,77,0,64,0,Unpredictable,21,0,1,0,0
3929,40,Low,Breeder,7,0,61,0,Unpredictable,8,0,1,0,0
3930,49,Low,Scientist,60,0,44,0,Unpredictable,25,0,1,0,0
3931,55,Middle,Biker,18,0,40,0,Unpredictable,0,0,1,0,0
3932,22,Low,Champion,58,0,77,0,Defensive,4,0,1,0,0
3933,40,High,PokéMart Seller,98,0,84,0,Aggressive,13,0,1,0,0
3934,54,Low,Breeder,96,0,68,0,Defensive,18,0,1,0,0
3935,24,Middle,Scientist,45,0,29,0,Unpredictable,14,0,1,0,0
3936,45,Middle,Daycare Worker,57,0,50,0,Unpredictable,18,0,1,0,0
3937,26,Middle,Casino Worker,98,0,46,0,Aggressive,0,0,1,0,0
3938,12,Middle,Biker,48,0,59,0,Aggressive,22,0,1,0,0
3939,30,Middle,Casino Worker,85,0,72,0,Defensive,4,0,1,0,0
3940,65,Low,Researcher,59,0,83,0,Aggressive,18,0,1,0,0
3941,51,Middle,Gym Leader Assistant,17,0,36,0,Unpredictable,6,0,1,0,0
3942,58,Middle,Underground Battler,10,0,70,0,Unpredictable,6,0,1,0,0
3943,66,Low,Elite Trainer,76,1,34,0,Defensive,30,0,1,1,1
3944,16,Middle,Underground Battler,88,0,56,0,Defensive,12,0,1,0,0
3945,65,Middle,Daycare Worker,75,0,78,0,Defensive,9,0,1,0,0
3946,10,Middle,Casino Worker,72,0,24,0,Defensive,10,0,1,0,0
3947,32,Middle,Elite Trainer,92,0,54,0,Unpredictable,13,0,1,0,0
3948,42,Middle,Biker,23,0,67,0,Defensive,9,0,1,0,0
3949,28,High,Biker,22,0,43,0,Aggressive,24,0,1,0,0
3950,54,Low,Nurse,28,0,83,0,Unpredictable,7,0,1,0,0
3951,26,Middle,Biker,78,0,66,0,Unpredictable,2,0,1,0,0
3952,60,Middle,Scientist,75,0,71,0,Unpredictable,8,0,1,0,0
3953,16,Middle,Researcher,10,0,34,0,Unpredictable,17,0,1,0,0
3954,31,Low,Champion,90,0,48,0,Aggressive,20,0,1,0,0
3955,54,Low,Breeder,76,0,73,0,Aggressive,11,0,1,0,0
3956,53,Low,Casino Worker,60,0,53,0,Unpredictable,20,0,1,0,0
3957,30,Middle,Researcher,68,0,79,0,Aggressive,5,0,1,0,0
3958,16,Middle,Fisherman,51,0,23,0,Aggressive,22,0,1,0,0
3959,60,Middle,Scientist,62,0,34,0,Defensive,20,0,1,0,0
3960,58,Low,Daycare Worker,89,0,40,0,Defensive,14,0,1,0,0
3961,26,Middle,Police Officer,73,1,81,0,Aggressive,27,0,0,1,1
3962,51,Low,Breeder,30,0,36,0,Unpredictable,0,0,1,0,0
3963,48,High,Champion,9,0,84,0,Unpredictable,6,0,1,0,0
3964,17,Low,Underground Battler,24,0,70,0,Aggressive,24,0,1,0,0
3965,13,Low,Champion,73,0,24,0,Aggressive,22,0,1,0,0
3966,32,Middle,Underground Battler,72,0,80,0,Defensive,12,0,1,0,0
3967,70,Middle,Researcher,47,0,34,0,Defensive,11,0,1,1,1
3968,49,Middle,Underground Battler,29,0,73,0,Defensive,21,0,1,0,0
3969,48,High,Underground Battler,60,0,34,0,Unpredictable,9,0,1,0,0
3970,13,High,Breeder,46,0,56,0,Aggressive,16,0,1,0,0
3971,45,High,Underground Battler,30,0,60,0,Unpredictable,23,0,1,0,0
3972,57,Low,Daycare Worker,36,0,59,0,Defensive,22,0,1,0,0
3973,11,Middle,Breeder,85,0,45,0,Aggressive,18,1,0,1,1
3974,41,Middle,Elite Trainer,52,0,65,0,Aggressive,17,0,1,0,0
3975,42,Low,Breeder,32,0,35,0,Defensive,9,0,1,0,0
3976,20,Low,Nurse,27,1,44,1,Unpredictable,23,1,1,1,1
3977,24,Middle,Breeder,42,0,87,0,Aggressive,4,1,0,1,1
3978,51,Middle,Casino Worker,66,0,49,0,Defensive,24,0,1,0,0
3979,45,Low,Police Officer,24,0,40,0,Aggressive,4,0,1,0,0
3980,14,Middle,Breeder,39,0,81,0,Unpredictable,13,0,1,0,0
3981,18,Middle,Rocket Grunt,22,0,79,0,Aggressive,14,0,1,0,0
3982,16,Low,Black Market Dealer,38,0,50,0,Unpredictable,18,0,1,0,0
3983,66,Middle,Black Market Dealer,31,0,68,0,Unpredictable,8,0,1,0,0
3984,46,High,Casino Worker,91,0,56,0,Aggressive,9,0,1,0,0
3985,25,High,Police Officer,59,0,45,0,Unpredictable,21,0,1,0,0
3986,26,High,Daycare Worker,51,0,29,0,Defensive,20,0,1,0,0
3987,21,Low,Black Market Dealer,36,0,56,0,Defensive,21,0,1,0,0
3988,17,Middle,Daycare Worker,71,0,84,0,Unpredictable,10,1,1,1,1
3989,17,Low,Gym Leader Assistant,75,0,39,0,Unpredictable,1,0,1,0,0
3990,58,Middle,Black Market Dealer,37,0,21,0,Unpredictable,24,0,1,0,0
3991,13,Middle,Researcher,6,0,36,0,Unpredictable,28,0,1,1,0
3992,62,Low,Champion,14,0,32,0,Defensive,25,0,1,0,0
3993,38,Middle,Nurse,72,0,55,0,Unpredictable,16,0,1,0,0
3994,24,Middle,Champion,14,0,25,0,Aggressive,20,0,1,0,0
3995,30,Low,Rocket Grunt,28,0,41,0,Unpredictable,13,0,1,0,0
3996,20,Low,Casino Worker,100,0,65,0,Unpredictable,7,0,1,0,0
3997,27,Middle,Scientist,49,0,60,0,Unpredictable,4,0,1,0,0
3998,66,Low,Rocket Grunt,58,0,61,0,Defensive,12,0,1,0,0
3999,14,Middle,PokéMart Seller,46,0,79,0,Unpredictable,18,0,1,0,0
4003,22,Low,Underground Battler,66,1,43,0,Unpredictable,27,1,0,1,1
4005,28,Middle,Rocket Grunt,55,1,65,0,Defensive,23,1,0,1,1
4013,23,Low,Champion,63,1,70,0,Defensive,29,1,0,1,1
4020,63,Middle,Breeder,94,1,37,0,Unpredictable,28,0,0,1,1
4021,62,Low,Gym Leader Assistant,59,1,82,0,Aggressive,5,0,0,1,0
4057,29,Middle,Researcher,75,1,53,1,Aggressive,6,0,0,1,1
4064,47,Low,Black Market Dealer,85,1,60,0,Aggressive,13,0,0,1,1
4067,41,High,PokéMart Seller,59,1,77,0,Unpredictable,26,1,0,1,1
4112,33,High,Breeder,77,1,34,0,Defensive,29,0,1,1,1
4175,28,Low,Underground Battler,17,1,61,0,Defensive,22,1,1,1,1
4180,51,Middle,Researcher,42,1,49,1,Unpredictable,22,1,0,1,1
4204,56,High,PokéMart Seller,30,1,54,0,Defensive,20,0,0,1,1
4216,31,Middle,Black Market Dealer,56,1,71,0,Aggressive,30,0,1,1,0
4302,32,Low,Elite Trainer,49,1,31,0,Aggressive,10,0,0,1,1
4308,67,Middle,Scientist,46,1,34,0,Aggressive,30,0,1,1,0
4314,39,Middle,Nurse,96,1,69,0,Unpredictable,16,0,0,1,1
4357,67,Low,Daycare Worker,92,1,53,0,Defensive,12,1,0,1,1
4362,63,High,Casino Worker,17,1,41,0,Unpredictable,4,1,0,1,1
4373,45,Middle,Biker,81,1,63,0,Unpredictable,24,1,0,1,1
4410,38,Low,Daycare Worker,78,1,68,0,Aggressive,25,0,1,1,1
4494,48,Middle,Rocket Grunt,60,1,34,0,Unpredictable,13,0,1,1,1
4508,11,Middle,Nurse,98,1,38,0,Unpredictable,16,0,1,1,1
4561,35,Low,Breeder,90,1,73,0,Aggressive,22,0,1,1,1
4565,62,Low,Biker,32,1,85,0,Aggressive,24,0,1,1,1
4571,49,Low,Researcher,48,1,76,0,Defensive,8,0,0,1,0
4572,37,High,Champion,69,1,87,0,Unpredictable,21,0,0,1,1
4578,68,High,Gym Leader Assistant,71,1,32,0,Unpredictable,16,0,0,1,0
4585,64,Low,PokéMart Seller,43,1,40,0,Defensive,30,0,0,1,0
4598,34,Middle,Underground Battler,77,1,54,1,Defensive,9,1,0,1,0
4614,53,Middle,Breeder,47,1,31,0,Defensive,17,1,1,1,1
4662,47,Middle,Biker,75,1,66,0,Aggressive,5,1,1,1,0
4663,65,Low,Casino Worker,85,1,55,0,Defensive,17,0,1,1,1
4692,12,Low,Daycare Worker,87,1,49,0,Aggressive,25,0,0,1,1
4723,59,Middle,Fisherman,89,1,74,0,Unpredictable,16,0,1,1,1
4727,53,Low,Fisherman,58,1,32,1,Defensive,12,0,0,1,1
4764,62,Low,PokéMart Seller,6,1,87,0,Defensive,11,0,0,1,1
4783,34,High,Elite Trainer,72,1,85,0,Aggressive,5,0,0,1,1
4802,56,Low,Nurse,99,1,77,0,Unpredictable,21,0,0,1,1
4803,27,Low,Black Market Dealer,43,1,41,1,Aggressive,12,1,0,1,1
4807,19,Low,Gym Leader Assistant,81,1,62,0,Aggressive,4,1,0,1,1
4808,57,Low,Nurse,11,1,66,0,Unpredictable,24,0,0,1,0
4826,68,Middle,Breeder,35,1,90,0,Aggressive,15,0,0,1,1
4836,46,Middle,Biker,70,1,43,0,Defensive,3,0,1,1,1
4841,54,Middle,Biker,87,1,56,0,Unpredictable,28,0,0,1,0
4870,58,Low,Breeder,43,1,43,1,Aggressive,11,0,0,1,1
4889,18,Low,Elite Trainer,88,1,63,0,Aggressive,24,1,1,1,0
4912,36,Middle,Champion,13,1,63,0,Unpredictable,21,0,1,1,1
4924,55,Low,Biker,29,1,34,0,Defensive,29,1,1,1,0
4939,14,Low,Casino Worker,50,1,58,0,Defensive,9,0,1,1,0
4953,39,High,Fisherman,35,1,71,0,Unpredictable,14,1,0,1,1
4958,48,Middle,PokéMart Seller,55,1,33,0,Defensive,24,1,0,1,1
4967,31,Low,Scientist,6,1,78,0,Unpredictable,8,0,1,1,1
4976,10,Middle,Casino Worker,63,1,54,0,Defensive,19,0,1,1,0
4977,63,High,Rocket Grunt,26,1,43,1,Defensive,12,0,0,1,1
4990,23,Middle,Scientist,66,1,65,0,Aggressive,18,0,0,1,1
